game_id,variable,value
gid_2015_04_08_slnmlb_chnmlb_1,global_prior_SL_percent,0.24826216484607747
gid_2015_04_12_slnmlb_cinmlb_1,global_prior_SL_percent,0.24925816023738873
gid_2015_04_13_milmlb_slnmlb_1,global_prior_SL_percent,0.24853228962818003
gid_2015_04_15_milmlb_slnmlb_1,global_prior_SL_percent,0.24758220502901354
gid_2015_04_16_milmlb_slnmlb_1,global_prior_SL_percent,0.24761904761904763
gid_2015_04_21_slnmlb_wasmlb_1,global_prior_SL_percent,0.2490740740740741
gid_2015_04_25_slnmlb_milmlb_1,global_prior_SL_percent,0.25158946412352406
gid_2015_04_27_phimlb_slnmlb_1,global_prior_SL_percent,0.2526978417266187
gid_2015_04_30_phimlb_slnmlb_1,global_prior_SL_percent,0.25021949078138717
gid_2015_05_01_pitmlb_slnmlb_1,global_prior_SL_percent,0.25021720243266726
gid_2015_05_03_pitmlb_slnmlb_1,global_prior_SL_percent,0.25257731958762886
gid_2015_05_04_chnmlb_slnmlb_1,global_prior_SL_percent,0.25692695214105793
gid_2015_05_06_chnmlb_slnmlb_1,global_prior_SL_percent,0.257285595337219
gid_2015_05_08_slnmlb_pitmlb_1,global_prior_SL_percent,0.2563265306122449
gid_2015_05_10_slnmlb_pitmlb_1,global_prior_SL_percent,0.25788197251414713
gid_2015_05_12_slnmlb_clemlb_1,global_prior_SL_percent,0.2578062449959968
gid_2015_05_15_detmlb_slnmlb_1,global_prior_SL_percent,0.257781324820431
gid_2015_05_16_detmlb_slnmlb_1,global_prior_SL_percent,0.2595777951524629
gid_2015_05_18_slnmlb_nynmlb_1,global_prior_SL_percent,0.2583841463414634
gid_2015_05_26_arimlb_slnmlb_1,global_prior_SL_percent,0.2614138438880707
gid_2015_05_30_lanmlb_slnmlb_1,global_prior_SL_percent,0.26173020527859236
gid_2015_06_01_milmlb_slnmlb_1,global_prior_SL_percent,0.2615606936416185
gid_2015_06_07_slnmlb_lanmlb_1,global_prior_SL_percent,0.2631200575125809
gid_2015_06_09_slnmlb_colmlb_1,global_prior_SL_percent,0.2639773531493277
gid_2015_06_13_kcamlb_slnmlb_1,global_prior_SL_percent,0.2643758765778401
gid_2015_06_16_minmlb_slnmlb_1,global_prior_SL_percent,0.264480111653873
gid_2015_06_17_slnmlb_minmlb_1,global_prior_SL_percent,0.2649690295939436
gid_2015_06_18_slnmlb_minmlb_1,global_prior_SL_percent,0.26575342465753427
gid_2015_06_21_slnmlb_phimlb_1,global_prior_SL_percent,0.26482479784366575
gid_2015_06_25_slnmlb_miamlb_1,global_prior_SL_percent,0.2636849132176235
gid_2015_09_13_slnmlb_cinmlb_1,global_prior_SL_percent,0.2625
gid_2015_09_18_slnmlb_chnmlb_1,global_prior_SL_percent,0.26123778501628664
gid_2015_09_24_milmlb_slnmlb_1,global_prior_SL_percent,0.25949774629748873
gid_2015_10_02_slnmlb_atlmlb_1,global_prior_SL_percent,0.2621912602913236
gid_2016_04_07_miamlb_wasmlb_1,global_prior_SL_percent,0.2620387742338962
gid_2016_04_11_atlmlb_wasmlb_1,global_prior_SL_percent,0.2616822429906542
gid_2016_04_16_wasmlb_phimlb_1,global_prior_SL_percent,0.2628007402837754
gid_2016_04_18_wasmlb_miamlb_1,global_prior_SL_percent,0.26241569589209074
gid_2016_04_21_wasmlb_miamlb_1,global_prior_SL_percent,0.26408237431859477
gid_2016_04_24_minmlb_wasmlb_1,global_prior_SL_percent,0.2648648648648649
gid_2016_04_26_phimlb_wasmlb_1,global_prior_SL_percent,0.26498800959232616
gid_2016_06_15_chnmlb_wasmlb_1,global_prior_SL_percent,0.2648292390653086
gid_2016_06_18_wasmlb_sdnmlb_1,global_prior_SL_percent,0.26365795724465557
gid_2016_06_19_wasmlb_sdnmlb_1,global_prior_SL_percent,0.2652224824355972
gid_2016_06_24_wasmlb_milmlb_1,global_prior_SL_percent,0.2643478260869565
gid_2016_06_25_wasmlb_milmlb_1,global_prior_SL_percent,0.26708428246013666
gid_2016_06_30_cinmlb_wasmlb_1,global_prior_SL_percent,0.2684715172024817
gid_2016_07_02_cinmlb_wasmlb_1,global_prior_SL_percent,0.26807563959955505
gid_2016_07_03_cinmlb_wasmlb_1,global_prior_SL_percent,0.26802421574023116
gid_2016_07_05_milmlb_wasmlb_1,global_prior_SL_percent,0.26822633297062026
gid_2016_07_07_wasmlb_nynmlb_1,global_prior_SL_percent,0.2684636118598383
gid_2016_07_09_wasmlb_nynmlb_1,global_prior_SL_percent,0.2686965811965812
gid_2016_07_17_pitmlb_wasmlb_1,global_prior_SL_percent,0.26989984185556143
gid_2016_07_19_lanmlb_wasmlb_1,global_prior_SL_percent,0.2707788813382122
gid_2016_07_21_lanmlb_wasmlb_1,global_prior_SL_percent,0.27173347214992194
gid_2016_07_24_sdnmlb_wasmlb_1,global_prior_SL_percent,0.27184466019417475
gid_2016_07_27_wasmlb_clemlb_1,global_prior_SL_percent,0.2724489795918367
gid_2016_07_31_wasmlb_sfnmlb_1,global_prior_SL_percent,0.2749367088607595
gid_2016_08_02_wasmlb_arimlb_1,global_prior_SL_percent,0.2778335005015045
gid_2016_08_10_clemlb_wasmlb_1,global_prior_SL_percent,0.2777222777222777
gid_2016_08_12_atlmlb_wasmlb_1,global_prior_SL_percent,0.27841191066997517
gid_2016_08_14_atlmlb_wasmlb_1,global_prior_SL_percent,0.27788746298124384
gid_2016_08_15_wasmlb_colmlb_1,global_prior_SL_percent,0.2785365853658537
gid_2016_08_17_wasmlb_colmlb_1,global_prior_SL_percent,0.28076923076923077
gid_2016_08_19_wasmlb_atlmlb_1,global_prior_SL_percent,0.28072692491630796
gid_2016_08_20_wasmlb_atlmlb_1,global_prior_SL_percent,0.2804182509505703
gid_2016_08_23_wasmlb_balmlb_1,global_prior_SL_percent,0.2822429906542056
gid_2016_08_27_colmlb_wasmlb_1,global_prior_SL_percent,0.28212290502793297
gid_2016_08_28_colmlb_wasmlb_1,global_prior_SL_percent,0.28180129990714947
gid_2016_09_03_wasmlb_nynmlb_1,global_prior_SL_percent,0.28374021188392445
gid_2016_09_06_atlmlb_wasmlb_1,global_prior_SL_percent,0.2836163377696191
gid_2016_09_08_phimlb_wasmlb_1,global_prior_SL_percent,0.28448665762098596
gid_2016_09_25_wasmlb_pitmlb_1,global_prior_SL_percent,0.28449820788530467
gid_2016_09_28_arimlb_wasmlb_1,global_prior_SL_percent,0.28539526574363555
gid_2017_04_03_kcamlb_minmlb_1,global_prior_SL_percent,0.2853333333333333
gid_2017_04_05_kcamlb_minmlb_1,global_prior_SL_percent,0.28703703703703703
gid_2017_04_06_kcamlb_minmlb_1,global_prior_SL_percent,0.2891513560804899
gid_2017_04_09_minmlb_chamlb_1,global_prior_SL_percent,0.29016890428757036
gid_2017_04_14_chamlb_minmlb_1,global_prior_SL_percent,0.2904062229904927
gid_2017_04_16_chamlb_minmlb_1,global_prior_SL_percent,0.291220556745182
gid_2017_04_20_clemlb_minmlb_1,global_prior_SL_percent,0.290391156462585
gid_2017_04_22_detmlb_minmlb_1,global_prior_SL_percent,0.29193071398394593
gid_2017_04_24_minmlb_texmlb_1,global_prior_SL_percent,0.2906341873162537
gid_2017_04_26_minmlb_texmlb_1,global_prior_SL_percent,0.2936046511627907
gid_2017_04_28_minmlb_kcamlb_1,global_prior_SL_percent,0.2935590421139554
gid_2017_04_30_minmlb_kcamlb_1,global_prior_SL_percent,0.293124742692466
gid_2017_05_03_oakmlb_minmlb_1,global_prior_SL_percent,0.29231398201144726
gid_2017_05_05_bosmlb_minmlb_1,global_prior_SL_percent,0.293138449045879
gid_2017_05_07_bosmlb_minmlb_1,global_prior_SL_percent,0.29302700523982267
gid_2017_05_11_minmlb_chamlb_1,global_prior_SL_percent,0.29298597194388776
gid_2017_05_12_minmlb_clemlb_1,global_prior_SL_percent,0.293365307753797
gid_2017_05_19_kcamlb_minmlb_1,global_prior_SL_percent,0.2932270916334661
gid_2017_05_26_tbamlb_minmlb_1,global_prior_SL_percent,0.29285714285714287
gid_2017_05_28_tbamlb_minmlb_1,global_prior_SL_percent,0.29411764705882354
gid_2017_05_29_houmlb_minmlb_1,global_prior_SL_percent,0.29528632645111025
gid_2017_06_03_minmlb_anamlb_1,global_prior_SL_percent,0.29339002705836875
gid_2017_06_04_minmlb_anamlb_1,global_prior_SL_percent,0.2931633835457706
gid_2017_06_08_minmlb_seamlb_1,global_prior_SL_percent,0.29264536003080477
gid_2017_06_10_minmlb_sfnmlb_1,global_prior_SL_percent,0.29163468917881813
gid_2017_06_11_minmlb_sfnmlb_1,global_prior_SL_percent,0.2913655382274629
gid_2017_06_14_seamlb_minmlb_1,global_prior_SL_percent,0.29084720121028745
gid_2017_06_17_clemlb_minmlb_1,global_prior_SL_percent,0.29165106701609883
gid_2017_06_20_chamlb_minmlb_1,global_prior_SL_percent,0.29183749534103615
gid_2017_06_22_chamlb_minmlb_1,global_prior_SL_percent,0.2931608133086876
gid_2017_06_24_minmlb_clemlb_1,global_prior_SL_percent,0.29286239882266374
gid_2017_06_26_minmlb_bosmlb_1,global_prior_SL_percent,0.292799412196914
gid_2017_06_27_minmlb_bosmlb_1,global_prior_SL_percent,0.29388201019664967
gid_2017_07_01_minmlb_kcamlb_2,global_prior_SL_percent,0.29294755877034356
gid_2017_07_02_minmlb_kcamlb_1,global_prior_SL_percent,0.2915766738660907
gid_2017_07_07_balmlb_minmlb_1,global_prior_SL_percent,0.29088952654232425
gid_2017_07_08_balmlb_minmlb_1,global_prior_SL_percent,0.2919942816297355
gid_2017_07_14_minmlb_houmlb_1,global_prior_SL_percent,0.2925531914893617
gid_2017_07_18_nyamlb_minmlb_1,global_prior_SL_percent,0.29306093694963015
gid_2017_07_21_detmlb_minmlb_1,global_prior_SL_percent,0.29530434782608694
gid_2017_07_24_minmlb_lanmlb_1,global_prior_SL_percent,0.2950762829403606
gid_2017_07_26_minmlb_lanmlb_1,global_prior_SL_percent,0.29415831316972
gid_2017_07_28_minmlb_oakmlb_1,global_prior_SL_percent,0.2950875987633116
gid_2017_07_30_minmlb_oakmlb_1,global_prior_SL_percent,0.2949640287769784
gid_2017_08_06_texmlb_minmlb_1,global_prior_SL_percent,0.2946793997271487
gid_2017_08_07_milmlb_minmlb_1,global_prior_SL_percent,0.2953543574092913
gid_2017_08_09_minmlb_milmlb_1,global_prior_SL_percent,0.2951096121416526
gid_2017_08_12_minmlb_detmlb_1,global_prior_SL_percent,0.29650772330423103
gid_2017_08_17_clemlb_minmlb_2,global_prior_SL_percent,0.2967547674807628
gid_2017_08_22_minmlb_chamlb_1,global_prior_SL_percent,0.29580279813457694
gid_2017_08_27_minmlb_tormlb_1,global_prior_SL_percent,0.29532648326151806
gid_2017_08_29_chamlb_minmlb_1,global_prior_SL_percent,0.29493087557603687
gid_2017_08_31_chamlb_minmlb_1,global_prior_SL_percent,0.29529103989535643
gid_2017_09_06_minmlb_tbamlb_1,global_prior_SL_percent,0.2947127937336815
gid_2017_09_07_minmlb_kcamlb_1,global_prior_SL_percent,0.2936972059779077
gid_2017_09_08_minmlb_kcamlb_1,global_prior_SL_percent,0.29394626092586595
gid_2017_09_13_sdnmlb_minmlb_1,global_prior_SL_percent,0.29533011272141707
gid_2017_09_14_tormlb_minmlb_1,global_prior_SL_percent,0.29740134744947067
gid_2017_09_21_minmlb_detmlb_1,global_prior_SL_percent,0.2973490897476844
gid_2017_09_22_minmlb_detmlb_1,global_prior_SL_percent,0.29828462515883103
gid_2017_09_26_minmlb_clemlb_1,global_prior_SL_percent,0.29781852671514386
gid_2017_09_29_detmlb_minmlb_1,global_prior_SL_percent,0.2988035264483627
gid_2017_10_03_minmlb_nyamlb_1,global_prior_SL_percent,0.2994350282485876
gid_2015_04_08_slnmlb_chnmlb_1,global_prior_FF_percent,0.5809334657398213
gid_2015_04_12_slnmlb_cinmlb_1,global_prior_FF_percent,0.5806132542037586
gid_2015_04_13_milmlb_slnmlb_1,global_prior_FF_percent,0.5821917808219178
gid_2015_04_15_milmlb_slnmlb_1,global_prior_FF_percent,0.5831721470019342
gid_2015_04_16_milmlb_slnmlb_1,global_prior_FF_percent,0.579047619047619
gid_2015_04_21_slnmlb_wasmlb_1,global_prior_FF_percent,0.575925925925926
gid_2015_04_25_slnmlb_milmlb_1,global_prior_FF_percent,0.5712988192552225
gid_2015_04_27_phimlb_slnmlb_1,global_prior_FF_percent,0.5683453237410072
gid_2015_04_30_phimlb_slnmlb_1,global_prior_FF_percent,0.5610184372256365
gid_2015_05_01_pitmlb_slnmlb_1,global_prior_FF_percent,0.5612510860121633
gid_2015_05_03_pitmlb_slnmlb_1,global_prior_FF_percent,0.5575601374570447
gid_2015_05_04_chnmlb_slnmlb_1,global_prior_FF_percent,0.5516372795969773
gid_2015_05_06_chnmlb_slnmlb_1,global_prior_FF_percent,0.5503746877601998
gid_2015_05_08_slnmlb_pitmlb_1,global_prior_FF_percent,0.5518367346938775
gid_2015_05_10_slnmlb_pitmlb_1,global_prior_FF_percent,0.5513338722716249
gid_2015_05_12_slnmlb_clemlb_1,global_prior_FF_percent,0.5524419535628503
gid_2015_05_15_detmlb_slnmlb_1,global_prior_FF_percent,0.553072625698324
gid_2015_05_16_detmlb_slnmlb_1,global_prior_FF_percent,0.5496481626270524
gid_2015_05_18_slnmlb_nynmlb_1,global_prior_FF_percent,0.5487804878048781
gid_2015_05_26_arimlb_slnmlb_1,global_prior_FF_percent,0.5360824742268041
gid_2015_05_30_lanmlb_slnmlb_1,global_prior_FF_percent,0.5344574780058651
gid_2015_06_01_milmlb_slnmlb_1,global_prior_FF_percent,0.5317919075144508
gid_2015_06_07_slnmlb_lanmlb_1,global_prior_FF_percent,0.5298346513299784
gid_2015_06_09_slnmlb_colmlb_1,global_prior_FF_percent,0.5258315640481246
gid_2015_06_13_kcamlb_slnmlb_1,global_prior_FF_percent,0.5231416549789621
gid_2015_06_16_minmlb_slnmlb_1,global_prior_FF_percent,0.5233775296580601
gid_2015_06_17_slnmlb_minmlb_1,global_prior_FF_percent,0.522367515485203
gid_2015_06_18_slnmlb_minmlb_1,global_prior_FF_percent,0.5212328767123288
gid_2015_06_21_slnmlb_phimlb_1,global_prior_FF_percent,0.5181940700808625
gid_2015_06_25_slnmlb_miamlb_1,global_prior_FF_percent,0.520694259012016
gid_2015_09_13_slnmlb_cinmlb_1,global_prior_FF_percent,0.5157894736842106
gid_2015_09_18_slnmlb_chnmlb_1,global_prior_FF_percent,0.5172638436482084
gid_2015_09_24_milmlb_slnmlb_1,global_prior_FF_percent,0.51513200257566
gid_2015_10_02_slnmlb_atlmlb_1,global_prior_FF_percent,0.5142495250158328
gid_2016_04_07_miamlb_wasmlb_1,global_prior_FF_percent,0.5109443402126329
gid_2016_04_11_atlmlb_wasmlb_1,global_prior_FF_percent,0.5109034267912772
gid_2016_04_16_wasmlb_phimlb_1,global_prior_FF_percent,0.5077112893275756
gid_2016_04_18_wasmlb_miamlb_1,global_prior_FF_percent,0.507050889025138
gid_2016_04_21_wasmlb_miamlb_1,global_prior_FF_percent,0.5063597819503332
gid_2016_04_24_minmlb_wasmlb_1,global_prior_FF_percent,0.5057057057057057
gid_2016_04_26_phimlb_wasmlb_1,global_prior_FF_percent,0.5059952038369304
gid_2016_06_15_chnmlb_wasmlb_1,global_prior_FF_percent,0.5056920311563811
gid_2016_06_18_wasmlb_sdnmlb_1,global_prior_FF_percent,0.5089073634204275
gid_2016_06_19_wasmlb_sdnmlb_1,global_prior_FF_percent,0.509367681498829
gid_2016_06_24_wasmlb_milmlb_1,global_prior_FF_percent,0.5101449275362319
gid_2016_06_25_wasmlb_milmlb_1,global_prior_FF_percent,0.5085421412300684
gid_2016_06_30_cinmlb_wasmlb_1,global_prior_FF_percent,0.5093062605752962
gid_2016_07_02_cinmlb_wasmlb_1,global_prior_FF_percent,0.5094549499443827
gid_2016_07_03_cinmlb_wasmlb_1,global_prior_FF_percent,0.5107319757842598
gid_2016_07_05_milmlb_wasmlb_1,global_prior_FF_percent,0.5092491838955386
gid_2016_07_07_wasmlb_nynmlb_1,global_prior_FF_percent,0.508355795148248
gid_2016_07_09_wasmlb_nynmlb_1,global_prior_FF_percent,0.5069444444444444
gid_2016_07_17_pitmlb_wasmlb_1,global_prior_FF_percent,0.5076436478650501
gid_2016_07_19_lanmlb_wasmlb_1,global_prior_FF_percent,0.5070569785676947
gid_2016_07_21_lanmlb_wasmlb_1,global_prior_FF_percent,0.5070275897969807
gid_2016_07_24_sdnmlb_wasmlb_1,global_prior_FF_percent,0.5068983137455289
gid_2016_07_27_wasmlb_clemlb_1,global_prior_FF_percent,0.5066326530612245
gid_2016_07_31_wasmlb_sfnmlb_1,global_prior_FF_percent,0.5053164556962025
gid_2016_08_02_wasmlb_arimlb_1,global_prior_FF_percent,0.5045135406218656
gid_2016_08_10_clemlb_wasmlb_1,global_prior_FF_percent,0.504995004995005
gid_2016_08_12_atlmlb_wasmlb_1,global_prior_FF_percent,0.5032258064516129
gid_2016_08_14_atlmlb_wasmlb_1,global_prior_FF_percent,0.5044422507403751
gid_2016_08_15_wasmlb_colmlb_1,global_prior_FF_percent,0.5058536585365854
gid_2016_08_17_wasmlb_colmlb_1,global_prior_FF_percent,0.5067307692307692
gid_2016_08_19_wasmlb_atlmlb_1,global_prior_FF_percent,0.5064562410329986
gid_2016_08_20_wasmlb_atlmlb_1,global_prior_FF_percent,0.5061787072243346
gid_2016_08_23_wasmlb_balmlb_1,global_prior_FF_percent,0.5051401869158878
gid_2016_08_27_colmlb_wasmlb_1,global_prior_FF_percent,0.5060521415270018
gid_2016_08_28_colmlb_wasmlb_1,global_prior_FF_percent,0.5064995357474467
gid_2016_09_03_wasmlb_nynmlb_1,global_prior_FF_percent,0.5057577153385536
gid_2016_09_06_atlmlb_wasmlb_1,global_prior_FF_percent,0.5061955025240936
gid_2016_09_08_phimlb_wasmlb_1,global_prior_FF_percent,0.5047489823609227
gid_2016_09_25_wasmlb_pitmlb_1,global_prior_FF_percent,0.5062724014336918
gid_2016_09_28_arimlb_wasmlb_1,global_prior_FF_percent,0.5051362215274676
gid_2017_04_03_kcamlb_minmlb_1,global_prior_FF_percent,0.5053333333333333
gid_2017_04_05_kcamlb_minmlb_1,global_prior_FF_percent,0.5048500881834215
gid_2017_04_06_kcamlb_minmlb_1,global_prior_FF_percent,0.5034995625546806
gid_2017_04_09_minmlb_chamlb_1,global_prior_FF_percent,0.5032481593763534
gid_2017_04_14_chamlb_minmlb_1,global_prior_FF_percent,0.5030250648228176
gid_2017_04_16_chamlb_minmlb_1,global_prior_FF_percent,0.5032119914346895
gid_2017_04_20_clemlb_minmlb_1,global_prior_FF_percent,0.5034013605442177
gid_2017_04_22_detmlb_minmlb_1,global_prior_FF_percent,0.5031685678073511
gid_2017_04_24_minmlb_texmlb_1,global_prior_FF_percent,0.502729945401092
gid_2017_04_26_minmlb_texmlb_1,global_prior_FF_percent,0.4995847176079734
gid_2017_04_28_minmlb_kcamlb_1,global_prior_FF_percent,0.49710982658959535
gid_2017_04_30_minmlb_kcamlb_1,global_prior_FF_percent,0.4956772334293948
gid_2017_05_03_oakmlb_minmlb_1,global_prior_FF_percent,0.4971381847914963
gid_2017_05_05_bosmlb_minmlb_1,global_prior_FF_percent,0.49695493300852617
gid_2017_05_07_bosmlb_minmlb_1,global_prior_FF_percent,0.49818621523579204
gid_2017_05_11_minmlb_chamlb_1,global_prior_FF_percent,0.49819639278557115
gid_2017_05_12_minmlb_clemlb_1,global_prior_FF_percent,0.4980015987210232
gid_2017_05_19_kcamlb_minmlb_1,global_prior_FF_percent,0.49840637450199204
gid_2017_05_26_tbamlb_minmlb_1,global_prior_FF_percent,0.4984126984126984
gid_2017_05_28_tbamlb_minmlb_1,global_prior_FF_percent,0.49686274509803924
gid_2017_05_29_houmlb_minmlb_1,global_prior_FF_percent,0.4962991819244254
gid_2017_06_03_minmlb_anamlb_1,global_prior_FF_percent,0.49594124468496326
gid_2017_06_04_minmlb_anamlb_1,global_prior_FF_percent,0.4959443800695249
gid_2017_06_08_minmlb_seamlb_1,global_prior_FF_percent,0.49595687331536387
gid_2017_06_10_minmlb_sfnmlb_1,global_prior_FF_percent,0.4965464313123561
gid_2017_06_11_minmlb_sfnmlb_1,global_prior_FF_percent,0.49676683149486495
gid_2017_06_14_seamlb_minmlb_1,global_prior_FF_percent,0.4973524962178517
gid_2017_06_17_clemlb_minmlb_1,global_prior_FF_percent,0.4971920628977911
gid_2017_06_20_chamlb_minmlb_1,global_prior_FF_percent,0.4975773387998509
gid_2017_06_22_chamlb_minmlb_1,global_prior_FF_percent,0.49685767097966727
gid_2017_06_24_minmlb_clemlb_1,global_prior_FF_percent,0.4974245768947756
gid_2017_06_26_minmlb_bosmlb_1,global_prior_FF_percent,0.49742836149889785
gid_2017_06_27_minmlb_bosmlb_1,global_prior_FF_percent,0.4941733430444283
gid_2017_07_01_minmlb_kcamlb_2,global_prior_FF_percent,0.49077757685352624
gid_2017_07_02_minmlb_kcamlb_1,global_prior_FF_percent,0.4884809215262779
gid_2017_07_07_balmlb_minmlb_1,global_prior_FF_percent,0.4885222381635581
gid_2017_07_08_balmlb_minmlb_1,global_prior_FF_percent,0.4871336669049321
gid_2017_07_14_minmlb_houmlb_1,global_prior_FF_percent,0.48404255319148937
gid_2017_07_18_nyamlb_minmlb_1,global_prior_FF_percent,0.48256428319830924
gid_2017_07_21_detmlb_minmlb_1,global_prior_FF_percent,0.47895652173913045
gid_2017_07_24_minmlb_lanmlb_1,global_prior_FF_percent,0.4788488210818308
gid_2017_07_26_minmlb_lanmlb_1,global_prior_FF_percent,0.4787417905288628
gid_2017_07_28_minmlb_oakmlb_1,global_prior_FF_percent,0.4771556166265888
gid_2017_07_30_minmlb_oakmlb_1,global_prior_FF_percent,0.47687564234326824
gid_2017_08_06_texmlb_minmlb_1,global_prior_FF_percent,0.4768076398362892
gid_2017_08_07_milmlb_minmlb_1,global_prior_FF_percent,0.475754493048491
gid_2017_08_09_minmlb_milmlb_1,global_prior_FF_percent,0.4748735244519393
gid_2017_08_12_minmlb_detmlb_1,global_prior_FF_percent,0.4734721289456011
gid_2017_08_17_clemlb_minmlb_2,global_prior_FF_percent,0.47306791569086654
gid_2017_08_22_minmlb_chamlb_1,global_prior_FF_percent,0.47268487674883414
gid_2017_08_27_minmlb_tormlb_1,global_prior_FF_percent,0.47232350016572755
gid_2017_08_29_chamlb_minmlb_1,global_prior_FF_percent,0.4720210664911126
gid_2017_08_31_chamlb_minmlb_1,global_prior_FF_percent,0.4725310660562459
gid_2017_09_06_minmlb_tbamlb_1,global_prior_FF_percent,0.4719321148825065
gid_2017_09_07_minmlb_kcamlb_1,global_prior_FF_percent,0.4697855750487329
gid_2017_09_08_minmlb_kcamlb_1,global_prior_FF_percent,0.4681126578180641
gid_2017_09_13_sdnmlb_minmlb_1,global_prior_FF_percent,0.4669887278582931
gid_2017_09_14_tormlb_minmlb_1,global_prior_FF_percent,0.465832531280077
gid_2017_09_21_minmlb_detmlb_1,global_prior_FF_percent,0.46534653465346537
gid_2017_09_22_minmlb_detmlb_1,global_prior_FF_percent,0.46346886912325286
gid_2017_09_26_minmlb_clemlb_1,global_prior_FF_percent,0.4638001896933291
gid_2017_09_29_detmlb_minmlb_1,global_prior_FF_percent,0.46316120906801006
gid_2017_10_03_minmlb_nyamlb_1,global_prior_FF_percent,0.4623352165725047
gid_2015_04_08_slnmlb_chnmlb_1,global_prior_CU_percent,0.08540218470705065
gid_2015_04_12_slnmlb_cinmlb_1,global_prior_CU_percent,0.08506429277942631
gid_2015_04_13_milmlb_slnmlb_1,global_prior_CU_percent,0.08414872798434442
gid_2015_04_15_milmlb_slnmlb_1,global_prior_CU_percent,0.08413926499032882
gid_2015_04_16_milmlb_slnmlb_1,global_prior_CU_percent,0.08571428571428572
gid_2015_04_21_slnmlb_wasmlb_1,global_prior_CU_percent,0.08518518518518518
gid_2015_04_25_slnmlb_milmlb_1,global_prior_CU_percent,0.08446866485013624
gid_2015_04_27_phimlb_slnmlb_1,global_prior_CU_percent,0.08453237410071943
gid_2015_04_30_phimlb_slnmlb_1,global_prior_CU_percent,0.08428446005267778
gid_2015_05_01_pitmlb_slnmlb_1,global_prior_CU_percent,0.0842745438748914
gid_2015_05_03_pitmlb_slnmlb_1,global_prior_CU_percent,0.08333333333333333
gid_2015_05_04_chnmlb_slnmlb_1,global_prior_CU_percent,0.08144416456759027
gid_2015_05_06_chnmlb_slnmlb_1,global_prior_CU_percent,0.08159866777685262
gid_2015_05_08_slnmlb_pitmlb_1,global_prior_CU_percent,0.08326530612244898
gid_2015_05_10_slnmlb_pitmlb_1,global_prior_CU_percent,0.08326596604688763
gid_2015_05_12_slnmlb_clemlb_1,global_prior_CU_percent,0.08246597277822258
gid_2015_05_15_detmlb_slnmlb_1,global_prior_CU_percent,0.08220271348762968
gid_2015_05_16_detmlb_slnmlb_1,global_prior_CU_percent,0.08209538702111024
gid_2015_05_18_slnmlb_nynmlb_1,global_prior_CU_percent,0.08536585365853659
gid_2015_05_26_arimlb_slnmlb_1,global_prior_CU_percent,0.08541973490427099
gid_2015_05_30_lanmlb_slnmlb_1,global_prior_CU_percent,0.0872434017595308
gid_2015_06_01_milmlb_slnmlb_1,global_prior_CU_percent,0.08742774566473989
gid_2015_06_07_slnmlb_lanmlb_1,global_prior_CU_percent,0.08698777857656362
gid_2015_06_09_slnmlb_colmlb_1,global_prior_CU_percent,0.08563340410474168
gid_2015_06_13_kcamlb_slnmlb_1,global_prior_CU_percent,0.08485273492286115
gid_2015_06_16_minmlb_slnmlb_1,global_prior_CU_percent,0.08443824145150035
gid_2015_06_17_slnmlb_minmlb_1,global_prior_CU_percent,0.08671713695801789
gid_2015_06_18_slnmlb_minmlb_1,global_prior_CU_percent,0.08698630136986302
gid_2015_06_21_slnmlb_phimlb_1,global_prior_CU_percent,0.08692722371967655
gid_2015_06_25_slnmlb_miamlb_1,global_prior_CU_percent,0.08678237650200267
gid_2015_09_13_slnmlb_cinmlb_1,global_prior_CU_percent,0.0881578947368421
gid_2015_09_18_slnmlb_chnmlb_1,global_prior_CU_percent,0.08794788273615635
gid_2015_09_24_milmlb_slnmlb_1,global_prior_CU_percent,0.0875724404378622
gid_2015_10_02_slnmlb_atlmlb_1,global_prior_CU_percent,0.08739708676377454
gid_2016_04_07_miamlb_wasmlb_1,global_prior_CU_percent,0.08755472170106317
gid_2016_04_11_atlmlb_wasmlb_1,global_prior_CU_percent,0.08785046728971962
gid_2016_04_16_wasmlb_phimlb_1,global_prior_CU_percent,0.08760024676125848
gid_2016_04_18_wasmlb_miamlb_1,global_prior_CU_percent,0.08767627222562845
gid_2016_04_21_wasmlb_miamlb_1,global_prior_CU_percent,0.08721986674742581
gid_2016_04_24_minmlb_wasmlb_1,global_prior_CU_percent,0.08708708708708708
gid_2016_04_26_phimlb_wasmlb_1,global_prior_CU_percent,0.08693045563549161
gid_2016_06_15_chnmlb_wasmlb_1,global_prior_CU_percent,0.08747753145596165
gid_2016_06_18_wasmlb_sdnmlb_1,global_prior_CU_percent,0.08669833729216152
gid_2016_06_19_wasmlb_sdnmlb_1,global_prior_CU_percent,0.08665105386416862
gid_2016_06_24_wasmlb_milmlb_1,global_prior_CU_percent,0.08811594202898551
gid_2016_06_25_wasmlb_milmlb_1,global_prior_CU_percent,0.08712984054669703
gid_2016_06_30_cinmlb_wasmlb_1,global_prior_CU_percent,0.08629441624365482
gid_2016_07_02_cinmlb_wasmlb_1,global_prior_CU_percent,0.08620689655172414
gid_2016_07_03_cinmlb_wasmlb_1,global_prior_CU_percent,0.08585580627407816
gid_2016_07_05_milmlb_wasmlb_1,global_prior_CU_percent,0.08596300326441784
gid_2016_07_07_wasmlb_nynmlb_1,global_prior_CU_percent,0.08571428571428572
gid_2016_07_09_wasmlb_nynmlb_1,global_prior_CU_percent,0.0860042735042735
gid_2016_07_17_pitmlb_wasmlb_1,global_prior_CU_percent,0.08539799683711123
gid_2016_07_19_lanmlb_wasmlb_1,global_prior_CU_percent,0.08625196027182436
gid_2016_07_21_lanmlb_wasmlb_1,global_prior_CU_percent,0.08589276418532014
gid_2016_07_24_sdnmlb_wasmlb_1,global_prior_CU_percent,0.08686765457332651
gid_2016_07_27_wasmlb_clemlb_1,global_prior_CU_percent,0.08673469387755102
gid_2016_07_31_wasmlb_sfnmlb_1,global_prior_CU_percent,0.08658227848101266
gid_2016_08_02_wasmlb_arimlb_1,global_prior_CU_percent,0.08575727181544635
gid_2016_08_10_clemlb_wasmlb_1,global_prior_CU_percent,0.08591408591408592
gid_2016_08_12_atlmlb_wasmlb_1,global_prior_CU_percent,0.08684863523573201
gid_2016_08_14_atlmlb_wasmlb_1,global_prior_CU_percent,0.08687068114511352
gid_2016_08_15_wasmlb_colmlb_1,global_prior_CU_percent,0.08634146341463414
gid_2016_08_17_wasmlb_colmlb_1,global_prior_CU_percent,0.08509615384615385
gid_2016_08_19_wasmlb_atlmlb_1,global_prior_CU_percent,0.08560497369679579
gid_2016_08_20_wasmlb_atlmlb_1,global_prior_CU_percent,0.08555133079847908
gid_2016_08_23_wasmlb_balmlb_1,global_prior_CU_percent,0.08551401869158878
gid_2016_08_27_colmlb_wasmlb_1,global_prior_CU_percent,0.08519553072625698
gid_2016_08_28_colmlb_wasmlb_1,global_prior_CU_percent,0.08542246982358404
gid_2016_09_03_wasmlb_nynmlb_1,global_prior_CU_percent,0.0852141870105942
gid_2016_09_06_atlmlb_wasmlb_1,global_prior_CU_percent,0.08490133088572739
gid_2016_09_08_phimlb_wasmlb_1,global_prior_CU_percent,0.08502939846223428
gid_2016_09_25_wasmlb_pitmlb_1,global_prior_CU_percent,0.08422939068100359
gid_2016_09_28_arimlb_wasmlb_1,global_prior_CU_percent,0.08396605627512282
gid_2017_04_03_kcamlb_minmlb_1,global_prior_CU_percent,0.08355555555555555
gid_2017_04_05_kcamlb_minmlb_1,global_prior_CU_percent,0.08333333333333333
gid_2017_04_06_kcamlb_minmlb_1,global_prior_CU_percent,0.08355205599300088
gid_2017_04_09_minmlb_chamlb_1,global_prior_CU_percent,0.08315288003464703
gid_2017_04_14_chamlb_minmlb_1,global_prior_CU_percent,0.08340535868625756
gid_2017_04_16_chamlb_minmlb_1,global_prior_CU_percent,0.0835117773019272
gid_2017_04_20_clemlb_minmlb_1,global_prior_CU_percent,0.08375850340136054
gid_2017_04_22_detmlb_minmlb_1,global_prior_CU_percent,0.08322771440642163
gid_2017_04_24_minmlb_texmlb_1,global_prior_CU_percent,0.08315833683326333
gid_2017_04_26_minmlb_texmlb_1,global_prior_CU_percent,0.0834717607973422
gid_2017_04_28_minmlb_kcamlb_1,global_prior_CU_percent,0.0838150289017341
gid_2017_04_30_minmlb_kcamlb_1,global_prior_CU_percent,0.08357348703170028
gid_2017_05_03_oakmlb_minmlb_1,global_prior_CU_percent,0.08340147179067865
gid_2017_05_05_bosmlb_minmlb_1,global_prior_CU_percent,0.08363784003248072
gid_2017_05_07_bosmlb_minmlb_1,global_prior_CU_percent,0.083031035872632
gid_2017_05_11_minmlb_chamlb_1,global_prior_CU_percent,0.08256513026052104
gid_2017_05_12_minmlb_clemlb_1,global_prior_CU_percent,0.08233413269384493
gid_2017_05_19_kcamlb_minmlb_1,global_prior_CU_percent,0.08247011952191236
gid_2017_05_26_tbamlb_minmlb_1,global_prior_CU_percent,0.08253968253968254
gid_2017_05_28_tbamlb_minmlb_1,global_prior_CU_percent,0.08352941176470588
gid_2017_05_29_houmlb_minmlb_1,global_prior_CU_percent,0.08336579664978574
gid_2017_06_03_minmlb_anamlb_1,global_prior_CU_percent,0.08349439505218399
gid_2017_06_04_minmlb_anamlb_1,global_prior_CU_percent,0.08342989571263036
gid_2017_06_08_minmlb_seamlb_1,global_prior_CU_percent,0.0843280708509819
gid_2017_06_10_minmlb_sfnmlb_1,global_prior_CU_percent,0.08480429777436685
gid_2017_06_11_minmlb_sfnmlb_1,global_prior_CU_percent,0.08596424496006086
gid_2017_06_14_seamlb_minmlb_1,global_prior_CU_percent,0.08661119515885023
gid_2017_06_17_clemlb_minmlb_1,global_prior_CU_percent,0.0868588543616623
gid_2017_06_20_chamlb_minmlb_1,global_prior_CU_percent,0.08684308609765189
gid_2017_06_22_chamlb_minmlb_1,global_prior_CU_percent,0.08724584103512015
gid_2017_06_24_minmlb_clemlb_1,global_prior_CU_percent,0.0875643855776306
gid_2017_06_26_minmlb_bosmlb_1,global_prior_CU_percent,0.08780308596620132
gid_2017_06_27_minmlb_bosmlb_1,global_prior_CU_percent,0.08812818645302258
gid_2017_07_01_minmlb_kcamlb_2,global_prior_CU_percent,0.08788426763110307
gid_2017_07_02_minmlb_kcamlb_1,global_prior_CU_percent,0.08855291576673865
gid_2017_07_07_balmlb_minmlb_1,global_prior_CU_percent,0.08895265423242468
gid_2017_07_08_balmlb_minmlb_1,global_prior_CU_percent,0.08899213724088635
gid_2017_07_14_minmlb_houmlb_1,global_prior_CU_percent,0.0897163120567376
gid_2017_07_18_nyamlb_minmlb_1,global_prior_CU_percent,0.08982035928143713
gid_2017_07_21_detmlb_minmlb_1,global_prior_CU_percent,0.09008695652173913
gid_2017_07_24_minmlb_lanmlb_1,global_prior_CU_percent,0.09015256588072122
gid_2017_07_26_minmlb_lanmlb_1,global_prior_CU_percent,0.09125475285171103
gid_2017_07_28_minmlb_oakmlb_1,global_prior_CU_percent,0.09103400893163861
gid_2017_07_30_minmlb_oakmlb_1,global_prior_CU_percent,0.09112709832134293
gid_2017_08_06_texmlb_minmlb_1,global_prior_CU_percent,0.09140518417462483
gid_2017_08_07_milmlb_minmlb_1,global_prior_CU_percent,0.09257375381485249
gid_2017_08_09_minmlb_milmlb_1,global_prior_CU_percent,0.09342327150084317
gid_2017_08_12_minmlb_detmlb_1,global_prior_CU_percent,0.09368703828072532
gid_2017_08_17_clemlb_minmlb_2,global_prior_CU_percent,0.0933422549347608
gid_2017_08_22_minmlb_chamlb_1,global_prior_CU_percent,0.09327115256495669
gid_2017_08_27_minmlb_tormlb_1,global_prior_CU_percent,0.0941332449453099
gid_2017_08_29_chamlb_minmlb_1,global_prior_CU_percent,0.09414088215931533
gid_2017_08_31_chamlb_minmlb_1,global_prior_CU_percent,0.09417920209287116
gid_2017_09_06_minmlb_tbamlb_1,global_prior_CU_percent,0.09464751958224543
gid_2017_09_07_minmlb_kcamlb_1,global_prior_CU_percent,0.09486679662118258
gid_2017_09_08_minmlb_kcamlb_1,global_prior_CU_percent,0.09485270314017481
gid_2017_09_13_sdnmlb_minmlb_1,global_prior_CU_percent,0.09500805152979067
gid_2017_09_14_tormlb_minmlb_1,global_prior_CU_percent,0.09464228424767404
gid_2017_09_21_minmlb_detmlb_1,global_prior_CU_percent,0.09453848610667519
gid_2017_09_22_minmlb_detmlb_1,global_prior_CU_percent,0.09434561626429479
gid_2017_09_26_minmlb_clemlb_1,global_prior_CU_percent,0.09389819791337338
gid_2017_09_29_detmlb_minmlb_1,global_prior_CU_percent,0.09382871536523929
gid_2017_10_03_minmlb_nyamlb_1,global_prior_CU_percent,0.0938480853735091
gid_2015_04_08_slnmlb_chnmlb_1,global_prior_CH-FT_percent,0.08540218470705065
gid_2015_04_12_slnmlb_cinmlb_1,global_prior_CH-FT_percent,0.08506429277942631
gid_2015_04_13_milmlb_slnmlb_1,global_prior_CH-FT_percent,0.08512720156555773
gid_2015_04_15_milmlb_slnmlb_1,global_prior_CH-FT_percent,0.0851063829787234
gid_2015_04_16_milmlb_slnmlb_1,global_prior_CH-FT_percent,0.08761904761904762
gid_2015_04_21_slnmlb_wasmlb_1,global_prior_CH-FT_percent,0.08981481481481482
gid_2015_04_25_slnmlb_milmlb_1,global_prior_CH-FT_percent,0.09264305177111716
gid_2015_04_27_phimlb_slnmlb_1,global_prior_CH-FT_percent,0.09442446043165467
gid_2015_04_30_phimlb_slnmlb_1,global_prior_CH-FT_percent,0.1044776119402985
gid_2015_05_01_pitmlb_slnmlb_1,global_prior_CH-FT_percent,0.10425716768027801
gid_2015_05_03_pitmlb_slnmlb_1,global_prior_CH-FT_percent,0.10652920962199312
gid_2015_05_04_chnmlb_slnmlb_1,global_prior_CH-FT_percent,0.10999160369437448
gid_2015_05_06_chnmlb_slnmlb_1,global_prior_CH-FT_percent,0.11074104912572856
gid_2015_05_08_slnmlb_pitmlb_1,global_prior_CH-FT_percent,0.10857142857142857
gid_2015_05_10_slnmlb_pitmlb_1,global_prior_CH-FT_percent,0.10751818916734034
gid_2015_05_12_slnmlb_clemlb_1,global_prior_CH-FT_percent,0.10728582866293035
gid_2015_05_15_detmlb_slnmlb_1,global_prior_CH-FT_percent,0.10694333599361533
gid_2015_05_16_detmlb_slnmlb_1,global_prior_CH-FT_percent,0.10867865519937452
gid_2015_05_18_slnmlb_nynmlb_1,global_prior_CH-FT_percent,0.10746951219512195
gid_2015_05_26_arimlb_slnmlb_1,global_prior_CH-FT_percent,0.1170839469808542
gid_2015_05_30_lanmlb_slnmlb_1,global_prior_CH-FT_percent,0.11656891495601172
gid_2015_06_01_milmlb_slnmlb_1,global_prior_CH-FT_percent,0.11921965317919075
gid_2015_06_07_slnmlb_lanmlb_1,global_prior_CH-FT_percent,0.12005751258087707
gid_2015_06_09_slnmlb_colmlb_1,global_prior_CH-FT_percent,0.12455767869780608
gid_2015_06_13_kcamlb_slnmlb_1,global_prior_CH-FT_percent,0.1276297335203366
gid_2015_06_16_minmlb_slnmlb_1,global_prior_CH-FT_percent,0.12770411723656663
gid_2015_06_17_slnmlb_minmlb_1,global_prior_CH-FT_percent,0.1259463179628355
gid_2015_06_18_slnmlb_minmlb_1,global_prior_CH-FT_percent,0.12602739726027398
gid_2015_06_21_slnmlb_phimlb_1,global_prior_CH-FT_percent,0.13005390835579514
gid_2015_06_25_slnmlb_miamlb_1,global_prior_CH-FT_percent,0.1288384512683578
gid_2015_09_13_slnmlb_cinmlb_1,global_prior_CH-FT_percent,0.13355263157894737
gid_2015_09_18_slnmlb_chnmlb_1,global_prior_CH-FT_percent,0.13355048859934854
gid_2015_09_24_milmlb_slnmlb_1,global_prior_CH-FT_percent,0.13779781068898905
gid_2015_10_02_slnmlb_atlmlb_1,global_prior_CH-FT_percent,0.13616212792906904
gid_2016_04_07_miamlb_wasmlb_1,global_prior_CH-FT_percent,0.13946216385240776
gid_2016_04_11_atlmlb_wasmlb_1,global_prior_CH-FT_percent,0.1395638629283489
gid_2016_04_16_wasmlb_phimlb_1,global_prior_CH-FT_percent,0.1418877236273905
gid_2016_04_18_wasmlb_miamlb_1,global_prior_CH-FT_percent,0.14285714285714285
gid_2016_04_21_wasmlb_miamlb_1,global_prior_CH-FT_percent,0.14233797698364628
gid_2016_04_24_minmlb_wasmlb_1,global_prior_CH-FT_percent,0.14234234234234233
gid_2016_04_26_phimlb_wasmlb_1,global_prior_CH-FT_percent,0.1420863309352518
gid_2016_06_15_chnmlb_wasmlb_1,global_prior_CH-FT_percent,0.1420011983223487
gid_2016_06_18_wasmlb_sdnmlb_1,global_prior_CH-FT_percent,0.14073634204275534
gid_2016_06_19_wasmlb_sdnmlb_1,global_prior_CH-FT_percent,0.13875878220140514
gid_2016_06_24_wasmlb_milmlb_1,global_prior_CH-FT_percent,0.1373913043478261
gid_2016_06_25_wasmlb_milmlb_1,global_prior_CH-FT_percent,0.13724373576309795
gid_2016_06_30_cinmlb_wasmlb_1,global_prior_CH-FT_percent,0.1359278059785674
gid_2016_07_02_cinmlb_wasmlb_1,global_prior_CH-FT_percent,0.13626251390433816
gid_2016_07_03_cinmlb_wasmlb_1,global_prior_CH-FT_percent,0.13538800220143093
gid_2016_07_05_milmlb_wasmlb_1,global_prior_CH-FT_percent,0.1365614798694233
gid_2016_07_07_wasmlb_nynmlb_1,global_prior_CH-FT_percent,0.13746630727762804
gid_2016_07_09_wasmlb_nynmlb_1,global_prior_CH-FT_percent,0.13835470085470086
gid_2016_07_17_pitmlb_wasmlb_1,global_prior_CH-FT_percent,0.1370585134422773
gid_2016_07_19_lanmlb_wasmlb_1,global_prior_CH-FT_percent,0.1359121798222687
gid_2016_07_21_lanmlb_wasmlb_1,global_prior_CH-FT_percent,0.1353461738677772
gid_2016_07_24_sdnmlb_wasmlb_1,global_prior_CH-FT_percent,0.13438937148696986
gid_2016_07_27_wasmlb_clemlb_1,global_prior_CH-FT_percent,0.13418367346938775
gid_2016_07_31_wasmlb_sfnmlb_1,global_prior_CH-FT_percent,0.1331645569620253
gid_2016_08_02_wasmlb_arimlb_1,global_prior_CH-FT_percent,0.13189568706118354
gid_2016_08_10_clemlb_wasmlb_1,global_prior_CH-FT_percent,0.13136863136863136
gid_2016_08_12_atlmlb_wasmlb_1,global_prior_CH-FT_percent,0.1315136476426799
gid_2016_08_14_atlmlb_wasmlb_1,global_prior_CH-FT_percent,0.13079960513326752
gid_2016_08_15_wasmlb_colmlb_1,global_prior_CH-FT_percent,0.12926829268292683
gid_2016_08_17_wasmlb_colmlb_1,global_prior_CH-FT_percent,0.12740384615384615
gid_2016_08_19_wasmlb_atlmlb_1,global_prior_CH-FT_percent,0.12721186035389764
gid_2016_08_20_wasmlb_atlmlb_1,global_prior_CH-FT_percent,0.12785171102661597
gid_2016_08_23_wasmlb_balmlb_1,global_prior_CH-FT_percent,0.12710280373831775
gid_2016_08_27_colmlb_wasmlb_1,global_prior_CH-FT_percent,0.1266294227188082
gid_2016_08_28_colmlb_wasmlb_1,global_prior_CH-FT_percent,0.12627669452181986
gid_2016_09_03_wasmlb_nynmlb_1,global_prior_CH-FT_percent,0.12528788576692768
gid_2016_09_06_atlmlb_wasmlb_1,global_prior_CH-FT_percent,0.1252868288205599
gid_2016_09_08_phimlb_wasmlb_1,global_prior_CH-FT_percent,0.1257349615558571
gid_2016_09_25_wasmlb_pitmlb_1,global_prior_CH-FT_percent,0.125
gid_2016_09_28_arimlb_wasmlb_1,global_prior_CH-FT_percent,0.125502456453774
gid_2017_04_03_kcamlb_minmlb_1,global_prior_CH-FT_percent,0.12577777777777777
gid_2017_04_05_kcamlb_minmlb_1,global_prior_CH-FT_percent,0.1247795414462081
gid_2017_04_06_kcamlb_minmlb_1,global_prior_CH-FT_percent,0.12379702537182852
gid_2017_04_09_minmlb_chamlb_1,global_prior_CH-FT_percent,0.12343005630142918
gid_2017_04_14_chamlb_minmlb_1,global_prior_CH-FT_percent,0.12316335350043216
gid_2017_04_16_chamlb_minmlb_1,global_prior_CH-FT_percent,0.12205567451820129
gid_2017_04_20_clemlb_minmlb_1,global_prior_CH-FT_percent,0.12244897959183673
gid_2017_04_22_detmlb_minmlb_1,global_prior_CH-FT_percent,0.12167300380228137
gid_2017_04_24_minmlb_texmlb_1,global_prior_CH-FT_percent,0.12347753044939101
gid_2017_04_26_minmlb_texmlb_1,global_prior_CH-FT_percent,0.12333887043189369
gid_2017_04_28_minmlb_kcamlb_1,global_prior_CH-FT_percent,0.1255161023947151
gid_2017_04_30_minmlb_kcamlb_1,global_prior_CH-FT_percent,0.12762453684643887
gid_2017_05_03_oakmlb_minmlb_1,global_prior_CH-FT_percent,0.12714636140637775
gid_2017_05_05_bosmlb_minmlb_1,global_prior_CH-FT_percent,0.12626877791311408
gid_2017_05_07_bosmlb_minmlb_1,global_prior_CH-FT_percent,0.12575574365175332
gid_2017_05_11_minmlb_chamlb_1,global_prior_CH-FT_percent,0.12625250501002003
gid_2017_05_12_minmlb_clemlb_1,global_prior_CH-FT_percent,0.12629896083133493
gid_2017_05_19_kcamlb_minmlb_1,global_prior_CH-FT_percent,0.1258964143426295
gid_2017_05_26_tbamlb_minmlb_1,global_prior_CH-FT_percent,0.1261904761904762
gid_2017_05_28_tbamlb_minmlb_1,global_prior_CH-FT_percent,0.12549019607843137
gid_2017_05_29_houmlb_minmlb_1,global_prior_CH-FT_percent,0.1250486949746786
gid_2017_06_03_minmlb_anamlb_1,global_prior_CH-FT_percent,0.12717433320448396
gid_2017_06_04_minmlb_anamlb_1,global_prior_CH-FT_percent,0.12746234067207415
gid_2017_06_08_minmlb_seamlb_1,global_prior_CH-FT_percent,0.12706969580284944
gid_2017_06_10_minmlb_sfnmlb_1,global_prior_CH-FT_percent,0.12701458173445895
gid_2017_06_11_minmlb_sfnmlb_1,global_prior_CH-FT_percent,0.12590338531761125
gid_2017_06_14_seamlb_minmlb_1,global_prior_CH-FT_percent,0.1251891074130106
gid_2017_06_17_clemlb_minmlb_1,global_prior_CH-FT_percent,0.12429801572444778
gid_2017_06_20_chamlb_minmlb_1,global_prior_CH-FT_percent,0.12374207976146105
gid_2017_06_22_chamlb_minmlb_1,global_prior_CH-FT_percent,0.12273567467652495
gid_2017_06_24_minmlb_clemlb_1,global_prior_CH-FT_percent,0.12214863870493009
gid_2017_06_26_minmlb_bosmlb_1,global_prior_CH-FT_percent,0.12196914033798678
gid_2017_06_27_minmlb_bosmlb_1,global_prior_CH-FT_percent,0.12381646030589949
gid_2017_07_01_minmlb_kcamlb_2,global_prior_CH-FT_percent,0.12839059674502712
gid_2017_07_02_minmlb_kcamlb_1,global_prior_CH-FT_percent,0.13138948884089272
gid_2017_07_07_balmlb_minmlb_1,global_prior_CH-FT_percent,0.13163558106169296
gid_2017_07_08_balmlb_minmlb_1,global_prior_CH-FT_percent,0.13187991422444603
gid_2017_07_14_minmlb_houmlb_1,global_prior_CH-FT_percent,0.13368794326241135
gid_2017_07_18_nyamlb_minmlb_1,global_prior_CH-FT_percent,0.13455442057062345
gid_2017_07_21_detmlb_minmlb_1,global_prior_CH-FT_percent,0.1356521739130435
gid_2017_07_24_minmlb_lanmlb_1,global_prior_CH-FT_percent,0.13592233009708737
gid_2017_07_26_minmlb_lanmlb_1,global_prior_CH-FT_percent,0.1358451434497062
gid_2017_07_28_minmlb_oakmlb_1,global_prior_CH-FT_percent,0.136722775678461
gid_2017_07_30_minmlb_oakmlb_1,global_prior_CH-FT_percent,0.1370332305584104
gid_2017_08_06_texmlb_minmlb_1,global_prior_CH-FT_percent,0.13710777626193724
gid_2017_08_07_milmlb_minmlb_1,global_prior_CH-FT_percent,0.1363173957273652
gid_2017_08_09_minmlb_milmlb_1,global_prior_CH-FT_percent,0.13659359190556492
gid_2017_08_12_minmlb_detmlb_1,global_prior_CH-FT_percent,0.13633310946944258
gid_2017_08_17_clemlb_minmlb_2,global_prior_CH-FT_percent,0.13683506189360992
gid_2017_08_22_minmlb_chamlb_1,global_prior_CH-FT_percent,0.13824117255163224
gid_2017_08_27_minmlb_tormlb_1,global_prior_CH-FT_percent,0.13821677162744447
gid_2017_08_29_chamlb_minmlb_1,global_prior_CH-FT_percent,0.13890717577353523
gid_2017_08_31_chamlb_minmlb_1,global_prior_CH-FT_percent,0.1379986919555265
gid_2017_09_06_minmlb_tbamlb_1,global_prior_CH-FT_percent,0.1387075718015666
gid_2017_09_07_minmlb_kcamlb_1,global_prior_CH-FT_percent,0.14165042235217673
gid_2017_09_08_minmlb_kcamlb_1,global_prior_CH-FT_percent,0.14308837811589512
gid_2017_09_13_sdnmlb_minmlb_1,global_prior_CH-FT_percent,0.1426731078904992
gid_2017_09_14_tormlb_minmlb_1,global_prior_CH-FT_percent,0.1421238370227783
gid_2017_09_21_minmlb_detmlb_1,global_prior_CH-FT_percent,0.14276588949217503
gid_2017_09_22_minmlb_detmlb_1,global_prior_CH-FT_percent,0.14390088945362134
gid_2017_09_26_minmlb_clemlb_1,global_prior_CH-FT_percent,0.14448308567815366
gid_2017_09_29_detmlb_minmlb_1,global_prior_CH-FT_percent,0.1442065491183879
gid_2017_10_03_minmlb_nyamlb_1,global_prior_CH-FT_percent,0.14438166980539863
gid_2015_04_08_slnmlb_chnmlb_1,global_prior_SL_weighted_percent,0.25903989533582383
gid_2015_04_12_slnmlb_cinmlb_1,global_prior_SL_weighted_percent,0.2609418921507684
gid_2015_04_13_milmlb_slnmlb_1,global_prior_SL_weighted_percent,0.2592409799656817
gid_2015_04_15_milmlb_slnmlb_1,global_prior_SL_weighted_percent,0.2571038787505022
gid_2015_04_16_milmlb_slnmlb_1,global_prior_SL_weighted_percent,0.2568782565357256
gid_2015_04_21_slnmlb_wasmlb_1,global_prior_SL_weighted_percent,0.25926439853359373
gid_2015_04_25_slnmlb_milmlb_1,global_prior_SL_weighted_percent,0.26384197833680323
gid_2015_04_27_phimlb_slnmlb_1,global_prior_SL_weighted_percent,0.2658056842935355
gid_2015_04_30_phimlb_slnmlb_1,global_prior_SL_weighted_percent,0.2602945027186051
gid_2015_05_01_pitmlb_slnmlb_1,global_prior_SL_weighted_percent,0.26008935466743893
gid_2015_05_03_pitmlb_slnmlb_1,global_prior_SL_weighted_percent,0.264581213220654
gid_2015_05_04_chnmlb_slnmlb_1,global_prior_SL_weighted_percent,0.2726066302638919
gid_2015_05_06_chnmlb_slnmlb_1,global_prior_SL_weighted_percent,0.273057255393107
gid_2015_05_08_slnmlb_pitmlb_1,global_prior_SL_weighted_percent,0.27055165296134764
gid_2015_05_10_slnmlb_pitmlb_1,global_prior_SL_weighted_percent,0.2733644768271771
gid_2015_05_12_slnmlb_clemlb_1,global_prior_SL_weighted_percent,0.27292361889511607
gid_2015_05_15_detmlb_slnmlb_1,global_prior_SL_weighted_percent,0.2727769143529214
gid_2015_05_16_detmlb_slnmlb_1,global_prior_SL_weighted_percent,0.2757293295543393
gid_2015_05_18_slnmlb_nynmlb_1,global_prior_SL_weighted_percent,0.27255935021269484
gid_2015_05_26_arimlb_slnmlb_1,global_prior_SL_weighted_percent,0.27761576399522736
gid_2015_05_30_lanmlb_slnmlb_1,global_prior_SL_weighted_percent,0.2781025426186717
gid_2015_06_01_milmlb_slnmlb_1,global_prior_SL_weighted_percent,0.277306400116859
gid_2015_06_07_slnmlb_lanmlb_1,global_prior_SL_weighted_percent,0.2802519480734112
gid_2015_06_09_slnmlb_colmlb_1,global_prior_SL_weighted_percent,0.281420953742326
gid_2015_06_13_kcamlb_slnmlb_1,global_prior_SL_weighted_percent,0.2818946563520012
gid_2015_06_16_minmlb_slnmlb_1,global_prior_SL_weighted_percent,0.2819318689468505
gid_2015_06_17_slnmlb_minmlb_1,global_prior_SL_weighted_percent,0.28242946576404554
gid_2015_06_18_slnmlb_minmlb_1,global_prior_SL_weighted_percent,0.2838251150928713
gid_2015_06_21_slnmlb_phimlb_1,global_prior_SL_weighted_percent,0.2813852813852814
gid_2015_06_25_slnmlb_miamlb_1,global_prior_SL_weighted_percent,0.27880892557655257
gid_2015_09_13_slnmlb_cinmlb_1,global_prior_SL_weighted_percent,0.27600782033980414
gid_2015_09_18_slnmlb_chnmlb_1,global_prior_SL_weighted_percent,0.2732313721498371
gid_2015_09_24_milmlb_slnmlb_1,global_prior_SL_weighted_percent,0.26948795912092754
gid_2015_10_02_slnmlb_atlmlb_1,global_prior_SL_weighted_percent,0.27448713734858626
gid_2016_04_07_miamlb_wasmlb_1,global_prior_SL_weighted_percent,0.2738758599124453
gid_2016_04_11_atlmlb_wasmlb_1,global_prior_SL_weighted_percent,0.27307720658123935
gid_2016_04_16_wasmlb_phimlb_1,global_prior_SL_weighted_percent,0.2750863169969368
gid_2016_04_18_wasmlb_miamlb_1,global_prior_SL_weighted_percent,0.27416792897416475
gid_2016_04_21_wasmlb_miamlb_1,global_prior_SL_weighted_percent,0.27719277919464763
gid_2016_04_24_minmlb_wasmlb_1,global_prior_SL_weighted_percent,0.2785409659359239
gid_2016_04_26_phimlb_wasmlb_1,global_prior_SL_weighted_percent,0.27873710618084324
gid_2016_06_15_chnmlb_wasmlb_1,global_prior_SL_weighted_percent,0.2784032892872135
gid_2016_06_18_wasmlb_sdnmlb_1,global_prior_SL_weighted_percent,0.2758304728743912
gid_2016_06_19_wasmlb_sdnmlb_1,global_prior_SL_weighted_percent,0.27858163764503396
gid_2016_06_24_wasmlb_milmlb_1,global_prior_SL_weighted_percent,0.2765667455959158
gid_2016_06_25_wasmlb_milmlb_1,global_prior_SL_weighted_percent,0.28158890633366307
gid_2016_06_30_cinmlb_wasmlb_1,global_prior_SL_weighted_percent,0.28407574217038617
gid_2016_07_02_cinmlb_wasmlb_1,global_prior_SL_weighted_percent,0.2828527280945229
gid_2016_07_03_cinmlb_wasmlb_1,global_prior_SL_weighted_percent,0.28244189306107276
gid_2016_07_05_milmlb_wasmlb_1,global_prior_SL_weighted_percent,0.28250320554353414
gid_2016_07_07_wasmlb_nynmlb_1,global_prior_SL_weighted_percent,0.2827249279672832
gid_2016_07_09_wasmlb_nynmlb_1,global_prior_SL_weighted_percent,0.2829376976467206
gid_2016_07_17_pitmlb_wasmlb_1,global_prior_SL_weighted_percent,0.28494661583677405
gid_2016_07_19_lanmlb_wasmlb_1,global_prior_SL_weighted_percent,0.2864452153526905
gid_2016_07_21_lanmlb_wasmlb_1,global_prior_SL_weighted_percent,0.2882197476708768
gid_2016_07_24_sdnmlb_wasmlb_1,global_prior_SL_weighted_percent,0.28782720210783114
gid_2016_07_27_wasmlb_clemlb_1,global_prior_SL_weighted_percent,0.2889857319776457
gid_2016_07_31_wasmlb_sfnmlb_1,global_prior_SL_weighted_percent,0.2936975349766822
gid_2016_08_02_wasmlb_arimlb_1,global_prior_SL_weighted_percent,0.2991083526268027
gid_2016_08_10_clemlb_wasmlb_1,global_prior_SL_weighted_percent,0.298716261272427
gid_2016_08_12_atlmlb_wasmlb_1,global_prior_SL_weighted_percent,0.29981586513844577
gid_2016_08_14_atlmlb_wasmlb_1,global_prior_SL_weighted_percent,0.29853736648045076
gid_2016_08_15_wasmlb_colmlb_1,global_prior_SL_weighted_percent,0.2993499898919028
gid_2016_08_17_wasmlb_colmlb_1,global_prior_SL_weighted_percent,0.30319742727239124
gid_2016_08_19_wasmlb_atlmlb_1,global_prior_SL_weighted_percent,0.3028818765299339
gid_2016_08_20_wasmlb_atlmlb_1,global_prior_SL_weighted_percent,0.30199913297146935
gid_2016_08_23_wasmlb_balmlb_1,global_prior_SL_weighted_percent,0.3048985756502988
gid_2016_08_27_colmlb_wasmlb_1,global_prior_SL_weighted_percent,0.3044879043823596
gid_2016_08_28_colmlb_wasmlb_1,global_prior_SL_weighted_percent,0.3037224222134614
gid_2016_09_03_wasmlb_nynmlb_1,global_prior_SL_weighted_percent,0.30724483883910886
gid_2016_09_06_atlmlb_wasmlb_1,global_prior_SL_weighted_percent,0.30682452602195265
gid_2016_09_08_phimlb_wasmlb_1,global_prior_SL_weighted_percent,0.30789378767840886
gid_2016_09_25_wasmlb_pitmlb_1,global_prior_SL_weighted_percent,0.30748009251902464
gid_2016_09_28_arimlb_wasmlb_1,global_prior_SL_weighted_percent,0.3091255662604479
gid_2017_04_03_kcamlb_minmlb_1,global_prior_SL_weighted_percent,0.30876706648896785
gid_2017_04_05_kcamlb_minmlb_1,global_prior_SL_weighted_percent,0.3117876633375385
gid_2017_04_06_kcamlb_minmlb_1,global_prior_SL_weighted_percent,0.31561478951554317
gid_2017_04_09_minmlb_chamlb_1,global_prior_SL_weighted_percent,0.31711372213754196
gid_2017_04_14_chamlb_minmlb_1,global_prior_SL_weighted_percent,0.31747219945826977
gid_2017_04_16_chamlb_minmlb_1,global_prior_SL_weighted_percent,0.31860388372297677
gid_2017_04_20_clemlb_minmlb_1,global_prior_SL_weighted_percent,0.31655456487737466
gid_2017_04_22_detmlb_minmlb_1,global_prior_SL_weighted_percent,0.3192913683645623
gid_2017_04_24_minmlb_texmlb_1,global_prior_SL_weighted_percent,0.3163834456308355
gid_2017_04_26_minmlb_texmlb_1,global_prior_SL_weighted_percent,0.32172197559263505
gid_2017_04_28_minmlb_kcamlb_1,global_prior_SL_weighted_percent,0.32130426381092564
gid_2017_04_30_minmlb_kcamlb_1,global_prior_SL_weighted_percent,0.32027676548970174
gid_2017_05_03_oakmlb_minmlb_1,global_prior_SL_weighted_percent,0.318282837362218
gid_2017_05_05_bosmlb_minmlb_1,global_prior_SL_weighted_percent,0.31956231446182726
gid_2017_05_07_bosmlb_minmlb_1,global_prior_SL_weighted_percent,0.3189545948077265
gid_2017_05_11_minmlb_chamlb_1,global_prior_SL_weighted_percent,0.3185804300909511
gid_2017_05_12_minmlb_clemlb_1,global_prior_SL_weighted_percent,0.3191958618482761
gid_2017_05_19_kcamlb_minmlb_1,global_prior_SL_weighted_percent,0.3187558805003007
gid_2017_05_26_tbamlb_minmlb_1,global_prior_SL_weighted_percent,0.317813540859951
gid_2017_05_28_tbamlb_minmlb_1,global_prior_SL_weighted_percent,0.31975219252734416
gid_2017_05_29_houmlb_minmlb_1,global_prior_SL_weighted_percent,0.3217396818230913
gid_2017_06_03_minmlb_anamlb_1,global_prior_SL_weighted_percent,0.3175528695671916
gid_2017_06_04_minmlb_anamlb_1,global_prior_SL_weighted_percent,0.31706253513901256
gid_2017_06_08_minmlb_seamlb_1,global_prior_SL_weighted_percent,0.31588025859173685
gid_2017_06_10_minmlb_sfnmlb_1,global_prior_SL_weighted_percent,0.3137026148091168
gid_2017_06_11_minmlb_sfnmlb_1,global_prior_SL_weighted_percent,0.31278442988196875
gid_2017_06_14_seamlb_minmlb_1,global_prior_SL_weighted_percent,0.31150888411612127
gid_2017_06_17_clemlb_minmlb_1,global_prior_SL_weighted_percent,0.31269686385372275
gid_2017_06_20_chamlb_minmlb_1,global_prior_SL_weighted_percent,0.3128815698333549
gid_2017_06_22_chamlb_minmlb_1,global_prior_SL_weighted_percent,0.3151793850319616
gid_2017_06_24_minmlb_clemlb_1,global_prior_SL_weighted_percent,0.31437319643930467
gid_2017_06_26_minmlb_bosmlb_1,global_prior_SL_weighted_percent,0.3141840414052552
gid_2017_06_27_minmlb_bosmlb_1,global_prior_SL_weighted_percent,0.315967017982406
gid_2017_07_01_minmlb_kcamlb_2,global_prior_SL_weighted_percent,0.3137969584165251
gid_2017_07_02_minmlb_kcamlb_1,global_prior_SL_weighted_percent,0.31086745158264273
gid_2017_07_07_balmlb_minmlb_1,global_prior_SL_weighted_percent,0.30935865587960076
gid_2017_07_08_balmlb_minmlb_1,global_prior_SL_weighted_percent,0.3114307902776469
gid_2017_07_14_minmlb_houmlb_1,global_prior_SL_weighted_percent,0.3122420247334455
gid_2017_07_18_nyamlb_minmlb_1,global_prior_SL_weighted_percent,0.31299406158685117
gid_2017_07_21_detmlb_minmlb_1,global_prior_SL_weighted_percent,0.31695857773477654
gid_2017_07_24_minmlb_lanmlb_1,global_prior_SL_weighted_percent,0.3163671196129004
gid_2017_07_26_minmlb_lanmlb_1,global_prior_SL_weighted_percent,0.31440211114166144
gid_2017_07_28_minmlb_oakmlb_1,global_prior_SL_weighted_percent,0.3160069705286126
gid_2017_07_30_minmlb_oakmlb_1,global_prior_SL_weighted_percent,0.31564478358604703
gid_2017_08_06_texmlb_minmlb_1,global_prior_SL_weighted_percent,0.3148932340227798
gid_2017_08_07_milmlb_minmlb_1,global_prior_SL_weighted_percent,0.31600324154697657
gid_2017_08_09_minmlb_milmlb_1,global_prior_SL_weighted_percent,0.3152933925694123
gid_2017_08_12_minmlb_detmlb_1,global_prior_SL_weighted_percent,0.3179090436277583
gid_2017_08_17_clemlb_minmlb_2,global_prior_SL_weighted_percent,0.3182440408588459
gid_2017_08_22_minmlb_chamlb_1,global_prior_SL_weighted_percent,0.3161601889116879
gid_2017_08_27_minmlb_tormlb_1,global_prior_SL_weighted_percent,0.31500907273187745
gid_2017_08_29_chamlb_minmlb_1,global_prior_SL_weighted_percent,0.3139472137611533
gid_2017_08_31_chamlb_minmlb_1,global_prior_SL_weighted_percent,0.3144196402514233
gid_2017_09_06_minmlb_tbamlb_1,global_prior_SL_weighted_percent,0.313189637914805
gid_2017_09_07_minmlb_kcamlb_1,global_prior_SL_weighted_percent,0.31099584453658174
gid_2017_09_08_minmlb_kcamlb_1,global_prior_SL_weighted_percent,0.31137002475639103
gid_2017_09_13_sdnmlb_minmlb_1,global_prior_SL_weighted_percent,0.3139511806663743
gid_2017_09_14_tormlb_minmlb_1,global_prior_SL_weighted_percent,0.3179411133425238
gid_2017_09_21_minmlb_detmlb_1,global_prior_SL_weighted_percent,0.31765564394778373
gid_2017_09_22_minmlb_detmlb_1,global_prior_SL_weighted_percent,0.3193052956849213
gid_2017_09_26_minmlb_clemlb_1,global_prior_SL_weighted_percent,0.31817518694545377
gid_2017_09_29_detmlb_minmlb_1,global_prior_SL_weighted_percent,0.31997436708584764
gid_2017_10_03_minmlb_nyamlb_1,global_prior_SL_weighted_percent,0.3211022257519415
gid_2015_04_08_slnmlb_chnmlb_1,global_prior_FF_weighted_percent,0.5892423669235983
gid_2015_04_12_slnmlb_cinmlb_1,global_prior_FF_weighted_percent,0.5885379403635113
gid_2015_04_13_milmlb_slnmlb_1,global_prior_FF_weighted_percent,0.5915049746247272
gid_2015_04_15_milmlb_slnmlb_1,global_prior_FF_weighted_percent,0.5932404526299069
gid_2015_04_16_milmlb_slnmlb_1,global_prior_FF_weighted_percent,0.5847383444338725
gid_2015_04_21_slnmlb_wasmlb_1,global_prior_FF_weighted_percent,0.5782300339192106
gid_2015_04_25_slnmlb_milmlb_1,global_prior_FF_weighted_percent,0.5690042545054735
gid_2015_04_27_phimlb_slnmlb_1,global_prior_FF_weighted_percent,0.5631774903527313
gid_2015_04_30_phimlb_slnmlb_1,global_prior_FF_weighted_percent,0.5490211481293225
gid_2015_05_01_pitmlb_slnmlb_1,global_prior_FF_weighted_percent,0.5497272902789845
gid_2015_05_03_pitmlb_slnmlb_1,global_prior_FF_weighted_percent,0.5426293821807294
gid_2015_05_04_chnmlb_slnmlb_1,global_prior_FF_weighted_percent,0.5316227973785494
gid_2015_05_06_chnmlb_slnmlb_1,global_prior_FF_weighted_percent,0.5294409400929065
gid_2015_05_08_slnmlb_pitmlb_1,global_prior_FF_weighted_percent,0.5331198188900356
gid_2015_05_10_slnmlb_pitmlb_1,global_prior_FF_weighted_percent,0.5324858332800054
gid_2015_05_12_slnmlb_clemlb_1,global_prior_FF_weighted_percent,0.5350417934347478
gid_2015_05_15_detmlb_slnmlb_1,global_prior_FF_weighted_percent,0.5364121324133085
gid_2015_05_16_detmlb_slnmlb_1,global_prior_FF_weighted_percent,0.5303239835809226
gid_2015_05_18_slnmlb_nynmlb_1,global_prior_FF_weighted_percent,0.5295938364943437
gid_2015_05_26_arimlb_slnmlb_1,global_prior_FF_weighted_percent,0.5059403247428099
gid_2015_05_30_lanmlb_slnmlb_1,global_prior_FF_weighted_percent,0.5029626287690804
gid_2015_06_01_milmlb_slnmlb_1,global_prior_FF_weighted_percent,0.4985674339016298
gid_2015_06_07_slnmlb_lanmlb_1,global_prior_FF_weighted_percent,0.49500070238065724
gid_2015_06_09_slnmlb_colmlb_1,global_prior_FF_weighted_percent,0.4881385317785646
gid_2015_06_13_kcamlb_slnmlb_1,global_prior_FF_weighted_percent,0.48346701708485224
gid_2015_06_16_minmlb_slnmlb_1,global_prior_FF_weighted_percent,0.4843268990258511
gid_2015_06_17_slnmlb_minmlb_1,global_prior_FF_weighted_percent,0.48339109616209314
gid_2015_06_18_slnmlb_minmlb_1,global_prior_FF_weighted_percent,0.4815026300244719
gid_2015_06_21_slnmlb_phimlb_1,global_prior_FF_weighted_percent,0.47676495412344466
gid_2015_06_25_slnmlb_miamlb_1,global_prior_FF_weighted_percent,0.4825076976106011
gid_2015_09_13_slnmlb_cinmlb_1,global_prior_FF_weighted_percent,0.4738563618118274
gid_2015_09_18_slnmlb_chnmlb_1,global_prior_FF_weighted_percent,0.47760671145494027
gid_2015_09_24_milmlb_slnmlb_1,global_prior_FF_weighted_percent,0.4742852502028291
gid_2015_10_02_slnmlb_atlmlb_1,global_prior_FF_weighted_percent,0.47388108160107745
gid_2016_04_07_miamlb_wasmlb_1,global_prior_FF_weighted_percent,0.46830675422138834
gid_2016_04_11_atlmlb_wasmlb_1,global_prior_FF_weighted_percent,0.4685404809844702
gid_2016_04_16_wasmlb_phimlb_1,global_prior_FF_weighted_percent,0.4630196610303576
gid_2016_04_18_wasmlb_miamlb_1,global_prior_FF_weighted_percent,0.46225400031257136
gid_2016_04_21_wasmlb_miamlb_1,global_prior_FF_weighted_percent,0.4619564340637342
gid_2016_04_24_minmlb_wasmlb_1,global_prior_FF_weighted_percent,0.4613917639127723
gid_2016_04_26_phimlb_wasmlb_1,global_prior_FF_weighted_percent,0.462129996422275
gid_2016_06_15_chnmlb_wasmlb_1,global_prior_FF_weighted_percent,0.4615765473247633
gid_2016_06_18_wasmlb_sdnmlb_1,global_prior_FF_weighted_percent,0.46875955933660846
gid_2016_06_19_wasmlb_sdnmlb_1,global_prior_FF_weighted_percent,0.4708095863886327
gid_2016_06_24_wasmlb_milmlb_1,global_prior_FF_weighted_percent,0.4731166977345626
gid_2016_06_25_wasmlb_milmlb_1,global_prior_FF_weighted_percent,0.47123124812821604
gid_2016_06_30_cinmlb_wasmlb_1,global_prior_FF_weighted_percent,0.47346041810929446
gid_2016_07_02_cinmlb_wasmlb_1,global_prior_FF_weighted_percent,0.4747632011604519
gid_2016_07_03_cinmlb_wasmlb_1,global_prior_FF_weighted_percent,0.47802837520956276
gid_2016_07_05_milmlb_wasmlb_1,global_prior_FF_weighted_percent,0.4758275095101243
gid_2016_07_07_wasmlb_nynmlb_1,global_prior_FF_weighted_percent,0.4746566827772098
gid_2016_07_09_wasmlb_nynmlb_1,global_prior_FF_weighted_percent,0.4724532378696821
gid_2016_07_17_pitmlb_wasmlb_1,global_prior_FF_weighted_percent,0.474757159132633
gid_2016_07_19_lanmlb_wasmlb_1,global_prior_FF_weighted_percent,0.4741391600450309
gid_2016_07_21_lanmlb_wasmlb_1,global_prior_FF_weighted_percent,0.4743540505535781
gid_2016_07_24_sdnmlb_wasmlb_1,global_prior_FF_weighted_percent,0.4752970270415569
gid_2016_07_27_wasmlb_clemlb_1,global_prior_FF_weighted_percent,0.47486288753135114
gid_2016_07_31_wasmlb_sfnmlb_1,global_prior_FF_weighted_percent,0.47271408804386816
gid_2016_08_02_wasmlb_arimlb_1,global_prior_FF_weighted_percent,0.4717324907051983
gid_2016_08_10_clemlb_wasmlb_1,global_prior_FF_weighted_percent,0.4729549033093716
gid_2016_08_12_atlmlb_wasmlb_1,global_prior_FF_weighted_percent,0.46984373153727993
gid_2016_08_14_atlmlb_wasmlb_1,global_prior_FF_weighted_percent,0.4726303491219962
gid_2016_08_15_wasmlb_colmlb_1,global_prior_FF_weighted_percent,0.4761765230524075
gid_2016_08_17_wasmlb_colmlb_1,global_prior_FF_weighted_percent,0.4787560529331313
gid_2016_08_19_wasmlb_atlmlb_1,global_prior_FF_weighted_percent,0.47849885652157614
gid_2016_08_20_wasmlb_atlmlb_1,global_prior_FF_weighted_percent,0.4782904184315815
gid_2016_08_23_wasmlb_balmlb_1,global_prior_FF_weighted_percent,0.47716544369606306
gid_2016_08_27_colmlb_wasmlb_1,global_prior_FF_weighted_percent,0.47919607491423405
gid_2016_08_28_colmlb_wasmlb_1,global_prior_FF_weighted_percent,0.48023835221580957
gid_2016_09_03_wasmlb_nynmlb_1,global_prior_FF_weighted_percent,0.47916661364903
gid_2016_09_06_atlmlb_wasmlb_1,global_prior_FF_weighted_percent,0.4802350206937784
gid_2016_09_08_phimlb_wasmlb_1,global_prior_FF_weighted_percent,0.4781100252477543
gid_2016_09_25_wasmlb_pitmlb_1,global_prior_FF_weighted_percent,0.48163905060456785
gid_2016_09_28_arimlb_wasmlb_1,global_prior_FF_weighted_percent,0.4795252982836726
gid_2017_04_03_kcamlb_minmlb_1,global_prior_FF_weighted_percent,0.4801721703934054
gid_2017_04_05_kcamlb_minmlb_1,global_prior_FF_weighted_percent,0.4796074380325886
gid_2017_04_06_kcamlb_minmlb_1,global_prior_FF_weighted_percent,0.47731347748562475
gid_2017_04_09_minmlb_chamlb_1,global_prior_FF_weighted_percent,0.47733900284788117
gid_2017_04_14_chamlb_minmlb_1,global_prior_FF_weighted_percent,0.4770040937779429
gid_2017_04_16_chamlb_minmlb_1,global_prior_FF_weighted_percent,0.477845325745798
gid_2017_04_20_clemlb_minmlb_1,global_prior_FF_weighted_percent,0.47858429389605395
gid_2017_04_22_detmlb_minmlb_1,global_prior_FF_weighted_percent,0.4784351842336633
gid_2017_04_24_minmlb_texmlb_1,global_prior_FF_weighted_percent,0.4778534656007132
gid_2017_04_26_minmlb_texmlb_1,global_prior_FF_weighted_percent,0.4721497043892711
gid_2017_04_28_minmlb_kcamlb_1,global_prior_FF_weighted_percent,0.46753160003585237
gid_2017_04_30_minmlb_kcamlb_1,global_prior_FF_weighted_percent,0.4648413291384793
gid_2017_05_03_oakmlb_minmlb_1,global_prior_FF_weighted_percent,0.4681822085280723
gid_2017_05_05_bosmlb_minmlb_1,global_prior_FF_weighted_percent,0.4682215622380056
gid_2017_05_07_bosmlb_minmlb_1,global_prior_FF_weighted_percent,0.4710929575653289
gid_2017_05_11_minmlb_chamlb_1,global_prior_FF_weighted_percent,0.47142072606751967
gid_2017_05_12_minmlb_clemlb_1,global_prior_FF_weighted_percent,0.4711803868930425
gid_2017_05_19_kcamlb_minmlb_1,global_prior_FF_weighted_percent,0.4721583597906264
gid_2017_05_26_tbamlb_minmlb_1,global_prior_FF_weighted_percent,0.47238057460191535
gid_2017_05_28_tbamlb_minmlb_1,global_prior_FF_weighted_percent,0.46990415139007385
gid_2017_05_29_houmlb_minmlb_1,global_prior_FF_weighted_percent,0.4691361845227043
gid_2017_06_03_minmlb_anamlb_1,global_prior_FF_weighted_percent,0.4688416520839843
gid_2017_06_04_minmlb_anamlb_1,global_prior_FF_weighted_percent,0.4688899129223579
gid_2017_06_08_minmlb_seamlb_1,global_prior_FF_weighted_percent,0.469083027345759
gid_2017_06_10_minmlb_sfnmlb_1,global_prior_FF_weighted_percent,0.4704469135431763
gid_2017_06_11_minmlb_sfnmlb_1,global_prior_FF_weighted_percent,0.4713342117099853
gid_2017_06_14_seamlb_minmlb_1,global_prior_FF_weighted_percent,0.47278797948917406
gid_2017_06_17_clemlb_minmlb_1,global_prior_FF_weighted_percent,0.4729619757116243
gid_2017_06_20_chamlb_minmlb_1,global_prior_FF_weighted_percent,0.47394479676363793
gid_2017_06_22_chamlb_minmlb_1,global_prior_FF_weighted_percent,0.472892579371097
gid_2017_06_24_minmlb_clemlb_1,global_prior_FF_weighted_percent,0.4742521286853665
gid_2017_06_26_minmlb_bosmlb_1,global_prior_FF_weighted_percent,0.4743274627678391
gid_2017_06_27_minmlb_bosmlb_1,global_prior_FF_weighted_percent,0.4682507382084833
gid_2017_07_01_minmlb_kcamlb_2,global_prior_FF_weighted_percent,0.46183873148369703
gid_2017_07_02_minmlb_kcamlb_1,global_prior_FF_weighted_percent,0.4575271545746653
gid_2017_07_07_balmlb_minmlb_1,global_prior_FF_weighted_percent,0.45783136558718845
gid_2017_07_08_balmlb_minmlb_1,global_prior_FF_weighted_percent,0.45527952007775674
gid_2017_07_14_minmlb_houmlb_1,global_prior_FF_weighted_percent,0.4496172324586875
gid_2017_07_18_nyamlb_minmlb_1,global_prior_FF_weighted_percent,0.44713150335617086
gid_2017_07_21_detmlb_minmlb_1,global_prior_FF_weighted_percent,0.4408497309064522
gid_2017_07_24_minmlb_lanmlb_1,global_prior_FF_weighted_percent,0.44087429119483096
gid_2017_07_26_minmlb_lanmlb_1,global_prior_FF_weighted_percent,0.44089766041568773
gid_2017_07_28_minmlb_oakmlb_1,global_prior_FF_weighted_percent,0.4382000256699673
gid_2017_07_30_minmlb_oakmlb_1,global_prior_FF_weighted_percent,0.43785566458770364
gid_2017_08_06_texmlb_minmlb_1,global_prior_FF_weighted_percent,0.4380663373783484
gid_2017_08_07_milmlb_minmlb_1,global_prior_FF_weighted_percent,0.43641314780649576
gid_2017_08_09_minmlb_milmlb_1,global_prior_FF_weighted_percent,0.4350808886321537
gid_2017_08_12_minmlb_detmlb_1,global_prior_FF_weighted_percent,0.43263083356497495
gid_2017_08_17_clemlb_minmlb_2,global_prior_FF_weighted_percent,0.4321244787185119
gid_2017_08_22_minmlb_chamlb_1,global_prior_FF_weighted_percent,0.43171174816744434
gid_2017_08_27_minmlb_tormlb_1,global_prior_FF_weighted_percent,0.4313965944692029
gid_2017_08_29_chamlb_minmlb_1,global_prior_FF_weighted_percent,0.4313589780082972
gid_2017_08_31_chamlb_minmlb_1,global_prior_FF_weighted_percent,0.4329039250100113
gid_2017_09_06_minmlb_tbamlb_1,global_prior_FF_weighted_percent,0.43186187861776393
gid_2017_09_07_minmlb_kcamlb_1,global_prior_FF_weighted_percent,0.4279428799465494
gid_2017_09_08_minmlb_kcamlb_1,global_prior_FF_weighted_percent,0.42490096919751785
gid_2017_09_13_sdnmlb_minmlb_1,global_prior_FF_weighted_percent,0.423105246403771
gid_2017_09_14_tormlb_minmlb_1,global_prior_FF_weighted_percent,0.42113568271658064
gid_2017_09_21_minmlb_detmlb_1,global_prior_FF_weighted_percent,0.4205632465359995
gid_2017_09_22_minmlb_detmlb_1,global_prior_FF_weighted_percent,0.4173003430225121
gid_2017_09_26_minmlb_clemlb_1,global_prior_FF_weighted_percent,0.41839589629298624
gid_2017_09_29_detmlb_minmlb_1,global_prior_FF_weighted_percent,0.4174904401836563
gid_2017_10_03_minmlb_nyamlb_1,global_prior_FF_weighted_percent,0.41612672007336776
gid_2015_04_08_slnmlb_chnmlb_1,global_prior_CU_weighted_percent,0.08379242130483441
gid_2015_04_12_slnmlb_cinmlb_1,global_prior_CU_weighted_percent,0.08313101339807571
gid_2015_04_13_milmlb_slnmlb_1,global_prior_CU_weighted_percent,0.08135199606697618
gid_2015_04_15_milmlb_slnmlb_1,global_prior_CU_weighted_percent,0.0814004989768172
gid_2015_04_16_milmlb_slnmlb_1,global_prior_CU_weighted_percent,0.0846123872955462
gid_2015_04_21_slnmlb_wasmlb_1,global_prior_CU_weighted_percent,0.08360742796450475
gid_2015_04_25_slnmlb_milmlb_1,global_prior_CU_weighted_percent,0.0822499262343588
gid_2015_04_27_phimlb_slnmlb_1,global_prior_CU_weighted_percent,0.08241870115767225
gid_2015_04_30_phimlb_slnmlb_1,global_prior_CU_weighted_percent,0.08203256164995457
gid_2015_05_01_pitmlb_slnmlb_1,global_prior_CU_weighted_percent,0.08206179409209383
gid_2015_05_03_pitmlb_slnmlb_1,global_prior_CU_weighted_percent,0.08023981239768152
gid_2015_05_04_chnmlb_slnmlb_1,global_prior_CU_weighted_percent,0.07664446435514682
gid_2015_05_06_chnmlb_slnmlb_1,global_prior_CU_weighted_percent,0.07703646850032073
gid_2015_05_08_slnmlb_pitmlb_1,global_prior_CU_weighted_percent,0.08053533974764457
gid_2015_05_10_slnmlb_pitmlb_1,global_prior_CU_weighted_percent,0.08059129975982855
gid_2015_05_12_slnmlb_clemlb_1,global_prior_CU_weighted_percent,0.07905076060848679
gid_2015_05_15_detmlb_slnmlb_1,global_prior_CU_weighted_percent,0.07854705326037287
gid_2015_05_16_detmlb_slnmlb_1,global_prior_CU_weighted_percent,0.07847928068803753
gid_2015_05_18_slnmlb_nynmlb_1,global_prior_CU_weighted_percent,0.08512088310144335
gid_2015_05_26_arimlb_slnmlb_1,global_prior_CU_weighted_percent,0.08523117036805847
gid_2015_05_30_lanmlb_slnmlb_1,global_prior_CU_weighted_percent,0.08887349209929855
gid_2015_06_01_milmlb_slnmlb_1,global_prior_CU_weighted_percent,0.08920723691074894
gid_2015_06_07_slnmlb_lanmlb_1,global_prior_CU_weighted_percent,0.08831197269805069
gid_2015_06_09_slnmlb_colmlb_1,global_prior_CU_weighted_percent,0.08558435461380533
gid_2015_06_13_kcamlb_slnmlb_1,global_prior_CU_weighted_percent,0.08403156515645471
gid_2015_06_16_minmlb_slnmlb_1,global_prior_CU_weighted_percent,0.08321289080558776
gid_2015_06_17_slnmlb_minmlb_1,global_prior_CU_weighted_percent,0.08776510393049149
gid_2015_06_18_slnmlb_minmlb_1,global_prior_CU_weighted_percent,0.0882891245440822
gid_2015_06_21_slnmlb_phimlb_1,global_prior_CU_weighted_percent,0.08811928811928812
gid_2015_06_25_slnmlb_miamlb_1,global_prior_CU_weighted_percent,0.08781199037008205
gid_2015_09_13_slnmlb_cinmlb_1,global_prior_CU_weighted_percent,0.09051610782380014
gid_2015_09_18_slnmlb_chnmlb_1,global_prior_CU_weighted_percent,0.09005327090119436
gid_2015_09_24_milmlb_slnmlb_1,global_prior_CU_weighted_percent,0.08925391217728629
gid_2015_10_02_slnmlb_atlmlb_1,global_prior_CU_weighted_percent,0.08886492813108761
gid_2016_04_07_miamlb_wasmlb_1,global_prior_CU_weighted_percent,0.08913852407754846
gid_2016_04_11_atlmlb_wasmlb_1,global_prior_CU_weighted_percent,0.08971652254202504
gid_2016_04_16_wasmlb_phimlb_1,global_prior_CU_weighted_percent,0.08918776447535467
gid_2016_04_18_wasmlb_miamlb_1,global_prior_CU_weighted_percent,0.08932027746721007
gid_2016_04_21_wasmlb_miamlb_1,global_prior_CU_weighted_percent,0.08837332426015197
gid_2016_04_24_minmlb_wasmlb_1,global_prior_CU_weighted_percent,0.08808640573346456
gid_2016_04_26_phimlb_wasmlb_1,global_prior_CU_weighted_percent,0.08776992785639673
gid_2016_06_15_chnmlb_wasmlb_1,global_prior_CU_weighted_percent,0.08886241896076033
gid_2016_06_18_wasmlb_sdnmlb_1,global_prior_CU_weighted_percent,0.08728687525109778
gid_2016_06_19_wasmlb_sdnmlb_1,global_prior_CU_weighted_percent,0.08717589617166592
gid_2016_06_24_wasmlb_milmlb_1,global_prior_CU_weighted_percent,0.09008816565066251
gid_2016_06_25_wasmlb_milmlb_1,global_prior_CU_weighted_percent,0.08805843984945347
gid_2016_06_30_cinmlb_wasmlb_1,global_prior_CU_weighted_percent,0.08637835095008364
gid_2016_07_02_cinmlb_wasmlb_1,global_prior_CU_weighted_percent,0.08619793099738392
gid_2016_07_03_cinmlb_wasmlb_1,global_prior_CU_weighted_percent,0.08549979929198204
gid_2016_07_05_milmlb_wasmlb_1,global_prior_CU_weighted_percent,0.08572573091422042
gid_2016_07_07_wasmlb_nynmlb_1,global_prior_CU_weighted_percent,0.08523445487498839
gid_2016_07_09_wasmlb_nynmlb_1,global_prior_CU_weighted_percent,0.08581290128273578
gid_2016_07_17_pitmlb_wasmlb_1,global_prior_CU_weighted_percent,0.08461255168023606
gid_2016_07_19_lanmlb_wasmlb_1,global_prior_CU_weighted_percent,0.08632460845089503
gid_2016_07_21_lanmlb_wasmlb_1,global_prior_CU_weighted_percent,0.08560729458783228
gid_2016_07_24_sdnmlb_wasmlb_1,global_prior_CU_weighted_percent,0.08754879552879243
gid_2016_07_27_wasmlb_clemlb_1,global_prior_CU_weighted_percent,0.08728106234844779
gid_2016_07_31_wasmlb_sfnmlb_1,global_prior_CU_weighted_percent,0.08697022497821964
gid_2016_08_02_wasmlb_arimlb_1,global_prior_CU_weighted_percent,0.08532112628612655
gid_2016_08_10_clemlb_wasmlb_1,global_prior_CU_weighted_percent,0.08563777710058289
gid_2016_08_12_atlmlb_wasmlb_1,global_prior_CU_weighted_percent,0.08750443105281815
gid_2016_08_14_atlmlb_wasmlb_1,global_prior_CU_weighted_percent,0.08754275328475258
gid_2016_08_15_wasmlb_colmlb_1,global_prior_CU_weighted_percent,0.0864720362464473
gid_2016_08_17_wasmlb_colmlb_1,global_prior_CU_weighted_percent,0.08399622962333197
gid_2016_08_19_wasmlb_atlmlb_1,global_prior_CU_weighted_percent,0.08502249008543397
gid_2016_08_20_wasmlb_atlmlb_1,global_prior_CU_weighted_percent,0.08492092880431347
gid_2016_08_23_wasmlb_balmlb_1,global_prior_CU_weighted_percent,0.08486863069488884
gid_2016_08_27_colmlb_wasmlb_1,global_prior_CU_weighted_percent,0.08423778588282801
gid_2016_08_28_colmlb_wasmlb_1,global_prior_CU_weighted_percent,0.0846956075891828
gid_2016_09_03_wasmlb_nynmlb_1,global_prior_CU_weighted_percent,0.08429337669751868
gid_2016_09_06_atlmlb_wasmlb_1,global_prior_CU_weighted_percent,0.08367570344110378
gid_2016_09_08_phimlb_wasmlb_1,global_prior_CU_weighted_percent,0.08396534506491053
gid_2016_09_25_wasmlb_pitmlb_1,global_prior_CU_weighted_percent,0.08239313522962022
gid_2016_09_28_arimlb_wasmlb_1,global_prior_CU_weighted_percent,0.08187886811714414
gid_2017_04_03_kcamlb_minmlb_1,global_prior_CU_weighted_percent,0.08108040870724123
gid_2017_04_05_kcamlb_minmlb_1,global_prior_CU_weighted_percent,0.080679086188121
gid_2017_04_06_kcamlb_minmlb_1,global_prior_CU_weighted_percent,0.08115213189081578
gid_2017_04_09_minmlb_chamlb_1,global_prior_CU_weighted_percent,0.08040474034410804
gid_2017_04_14_chamlb_minmlb_1,global_prior_CU_weighted_percent,0.08092127737819003
gid_2017_04_16_chamlb_minmlb_1,global_prior_CU_weighted_percent,0.08117905018919949
gid_2017_04_20_clemlb_minmlb_1,global_prior_CU_weighted_percent,0.08170709847900061
gid_2017_04_22_detmlb_minmlb_1,global_prior_CU_weighted_percent,0.08067501912558947
gid_2017_04_24_minmlb_texmlb_1,global_prior_CU_weighted_percent,0.08056468593550044
gid_2017_04_26_minmlb_texmlb_1,global_prior_CU_weighted_percent,0.08124123407653194
gid_2017_04_28_minmlb_kcamlb_1,global_prior_CU_weighted_percent,0.0819503294364869
gid_2017_04_30_minmlb_kcamlb_1,global_prior_CU_weighted_percent,0.08147877075190556
gid_2017_05_03_oakmlb_minmlb_1,global_prior_CU_weighted_percent,0.08116735462282816
gid_2017_05_05_bosmlb_minmlb_1,global_prior_CU_weighted_percent,0.0816690921745733
gid_2017_05_07_bosmlb_minmlb_1,global_prior_CU_weighted_percent,0.08048858674840959
gid_2017_05_11_minmlb_chamlb_1,global_prior_CU_weighted_percent,0.07958802219824264
gid_2017_05_12_minmlb_clemlb_1,global_prior_CU_weighted_percent,0.0791433972278829
gid_2017_05_19_kcamlb_minmlb_1,global_prior_CU_weighted_percent,0.07943566236844736
gid_2017_05_26_tbamlb_minmlb_1,global_prior_CU_weighted_percent,0.07959741347285973
gid_2017_05_28_tbamlb_minmlb_1,global_prior_CU_weighted_percent,0.08162888832522425
gid_2017_05_29_houmlb_minmlb_1,global_prior_CU_weighted_percent,0.0813297095777099
gid_2017_06_03_minmlb_anamlb_1,global_prior_CU_weighted_percent,0.08161572336776021
gid_2017_06_04_minmlb_anamlb_1,global_prior_CU_weighted_percent,0.0814897002614268
gid_2017_06_08_minmlb_seamlb_1,global_prior_CU_weighted_percent,0.08329413075962878
gid_2017_06_10_minmlb_sfnmlb_1,global_prior_CU_weighted_percent,0.08424982506216659
gid_2017_06_11_minmlb_sfnmlb_1,global_prior_CU_weighted_percent,0.08657284138455687
gid_2017_06_14_seamlb_minmlb_1,global_prior_CU_weighted_percent,0.08785737368768749
gid_2017_06_17_clemlb_minmlb_1,global_prior_CU_weighted_percent,0.08831943002800091
gid_2017_06_20_chamlb_minmlb_1,global_prior_CU_weighted_percent,0.08827646388671177
gid_2017_06_22_chamlb_minmlb_1,global_prior_CU_weighted_percent,0.08905383122055048
gid_2017_06_24_minmlb_clemlb_1,global_prior_CU_weighted_percent,0.08967284156594602
gid_2017_06_26_minmlb_bosmlb_1,global_prior_CU_weighted_percent,0.0901440176923764
gid_2017_06_27_minmlb_bosmlb_1,global_prior_CU_weighted_percent,0.09075065933014126
gid_2017_07_01_minmlb_kcamlb_2,global_prior_CU_weighted_percent,0.09022762843570664
gid_2017_07_02_minmlb_kcamlb_1,global_prior_CU_weighted_percent,0.09154226999731349
gid_2017_07_07_balmlb_minmlb_1,global_prior_CU_weighted_percent,0.09231953981953081
gid_2017_07_08_balmlb_minmlb_1,global_prior_CU_weighted_percent,0.09237420389851272
gid_2017_07_14_minmlb_houmlb_1,global_prior_CU_weighted_percent,0.09376434592632259
gid_2017_07_18_nyamlb_minmlb_1,global_prior_CU_weighted_percent,0.09391672330566704
gid_2017_07_21_detmlb_minmlb_1,global_prior_CU_weighted_percent,0.09434069057265526
gid_2017_07_24_minmlb_lanmlb_1,global_prior_CU_weighted_percent,0.09444541929776908
gid_2017_07_26_minmlb_lanmlb_1,global_prior_CU_weighted_percent,0.09661812668426588
gid_2017_07_28_minmlb_oakmlb_1,global_prior_CU_weighted_percent,0.09611373682998554
gid_2017_07_30_minmlb_oakmlb_1,global_prior_CU_weighted_percent,0.09627100667802353
gid_2017_08_06_texmlb_minmlb_1,global_prior_CU_weighted_percent,0.09678034540387899
gid_2017_08_07_milmlb_minmlb_1,global_prior_CU_weighted_percent,0.0990506405503733
gid_2017_08_09_minmlb_milmlb_1,global_prior_CU_weighted_percent,0.10067396769912863
gid_2017_08_12_minmlb_detmlb_1,global_prior_CU_weighted_percent,0.10113575417445286
gid_2017_08_17_clemlb_minmlb_2,global_prior_CU_weighted_percent,0.10039285630365968
gid_2017_08_22_minmlb_chamlb_1,global_prior_CU_weighted_percent,0.10019006088293231
gid_2017_08_27_minmlb_tormlb_1,global_prior_CU_weighted_percent,0.10184127804161662
gid_2017_08_29_chamlb_minmlb_1,global_prior_CU_weighted_percent,0.10174945372219518
gid_2017_08_31_chamlb_minmlb_1,global_prior_CU_weighted_percent,0.10172579342689479
gid_2017_09_06_minmlb_tbamlb_1,global_prior_CU_weighted_percent,0.10263183674860188
gid_2017_09_07_minmlb_kcamlb_1,global_prior_CU_weighted_percent,0.10299602349310902
gid_2017_09_08_minmlb_kcamlb_1,global_prior_CU_weighted_percent,0.1029107355571131
gid_2017_09_13_sdnmlb_minmlb_1,global_prior_CU_weighted_percent,0.10313734883291702
gid_2017_09_14_tormlb_minmlb_1,global_prior_CU_weighted_percent,0.10234487652084011
gid_2017_09_21_minmlb_detmlb_1,global_prior_CU_weighted_percent,0.1020699771126538
gid_2017_09_22_minmlb_detmlb_1,global_prior_CU_weighted_percent,0.10160483370812541
gid_2017_09_26_minmlb_clemlb_1,global_prior_CU_weighted_percent,0.10064358238210216
gid_2017_09_29_detmlb_minmlb_1,global_prior_CU_weighted_percent,0.10045041937921252
gid_2017_10_03_minmlb_nyamlb_1,global_prior_CU_weighted_percent,0.1004473013109795
gid_2015_04_08_slnmlb_chnmlb_1,global_prior_CH-FT_weighted_percent,0.06792531643574344
gid_2015_04_12_slnmlb_cinmlb_1,global_prior_CH-FT_weighted_percent,0.0673891540876446
gid_2015_04_13_milmlb_slnmlb_1,global_prior_CH-FT_weighted_percent,0.06790204934261497
gid_2015_04_15_milmlb_slnmlb_1,global_prior_CH-FT_weighted_percent,0.06825516964277371
gid_2015_04_16_milmlb_slnmlb_1,global_prior_CH-FT_weighted_percent,0.07377101173485569
gid_2015_04_21_slnmlb_wasmlb_1,global_prior_CH-FT_weighted_percent,0.07889813958269093
gid_2015_04_25_slnmlb_milmlb_1,global_prior_CH-FT_weighted_percent,0.0849038409233645
gid_2015_04_27_phimlb_slnmlb_1,global_prior_CH-FT_weighted_percent,0.08859812419606095
gid_2015_04_30_phimlb_slnmlb_1,global_prior_CH-FT_weighted_percent,0.10865178750211789
gid_2015_05_01_pitmlb_slnmlb_1,global_prior_CH-FT_weighted_percent,0.10812156096148277
gid_2015_05_03_pitmlb_slnmlb_1,global_prior_CH-FT_weighted_percent,0.11254959220093506
gid_2015_05_04_chnmlb_slnmlb_1,global_prior_CH-FT_weighted_percent,0.11912610800241183
gid_2015_05_06_chnmlb_slnmlb_1,global_prior_CH-FT_weighted_percent,0.12046533601366581
gid_2015_05_08_slnmlb_pitmlb_1,global_prior_CH-FT_weighted_percent,0.11579318840097214
gid_2015_05_10_slnmlb_pitmlb_1,global_prior_CH-FT_weighted_percent,0.1135583901329889
gid_2015_05_12_slnmlb_clemlb_1,global_prior_CH-FT_weighted_percent,0.11298382706164932
gid_2015_05_15_detmlb_slnmlb_1,global_prior_CH-FT_weighted_percent,0.11226389997339718
gid_2015_05_16_detmlb_slnmlb_1,global_prior_CH-FT_weighted_percent,0.11546740617670055
gid_2015_05_18_slnmlb_nynmlb_1,global_prior_CH-FT_weighted_percent,0.11272593019151822
gid_2015_05_26_arimlb_slnmlb_1,global_prior_CH-FT_weighted_percent,0.13121274089390428
gid_2015_05_30_lanmlb_slnmlb_1,global_prior_CH-FT_weighted_percent,0.1300613365129494
gid_2015_06_01_milmlb_slnmlb_1,global_prior_CH-FT_weighted_percent,0.1349189290707623
gid_2015_06_07_slnmlb_lanmlb_1,global_prior_CH-FT_weighted_percent,0.13643537684788087
gid_2015_06_09_slnmlb_colmlb_1,global_prior_CH-FT_weighted_percent,0.1448561598653041
gid_2015_06_13_kcamlb_slnmlb_1,global_prior_CH-FT_weighted_percent,0.15060676140669182
gid_2015_06_16_minmlb_slnmlb_1,global_prior_CH-FT_weighted_percent,0.1505283412217106
gid_2015_06_17_slnmlb_minmlb_1,global_prior_CH-FT_weighted_percent,0.14641433414336982
gid_2015_06_18_slnmlb_minmlb_1,global_prior_CH-FT_weighted_percent,0.14638313033857464
gid_2015_06_21_slnmlb_phimlb_1,global_prior_CH-FT_weighted_percent,0.1537304763719858
gid_2015_06_25_slnmlb_miamlb_1,global_prior_CH-FT_weighted_percent,0.15087138644276424
gid_2015_09_13_slnmlb_cinmlb_1,global_prior_CH-FT_weighted_percent,0.15961971002456832
gid_2015_09_18_slnmlb_chnmlb_1,global_prior_CH-FT_weighted_percent,0.15910864549402823
gid_2015_09_24_milmlb_slnmlb_1,global_prior_CH-FT_weighted_percent,0.16697287849895706
gid_2015_10_02_slnmlb_atlmlb_1,global_prior_CH-FT_weighted_percent,0.1627668529192487
gid_2016_04_07_miamlb_wasmlb_1,global_prior_CH-FT_weighted_percent,0.16867886178861788
gid_2016_04_11_atlmlb_wasmlb_1,global_prior_CH-FT_weighted_percent,0.16866578989226538
gid_2016_04_16_wasmlb_phimlb_1,global_prior_CH-FT_weighted_percent,0.17270625749735097
gid_2016_04_18_wasmlb_miamlb_1,global_prior_CH-FT_weighted_percent,0.17425779324605378
gid_2016_04_21_wasmlb_miamlb_1,global_prior_CH-FT_weighted_percent,0.17247746248146623
gid_2016_04_24_minmlb_wasmlb_1,global_prior_CH-FT_weighted_percent,0.17198086441783922
gid_2016_04_26_phimlb_wasmlb_1,global_prior_CH-FT_weighted_percent,0.17136296954048505
gid_2016_06_15_chnmlb_wasmlb_1,global_prior_CH-FT_weighted_percent,0.17115774442726292
gid_2016_06_18_wasmlb_sdnmlb_1,global_prior_CH-FT_weighted_percent,0.16812309253790256
gid_2016_06_19_wasmlb_sdnmlb_1,global_prior_CH-FT_weighted_percent,0.16343287979466745
gid_2016_06_24_wasmlb_milmlb_1,global_prior_CH-FT_weighted_percent,0.16022839101885905
gid_2016_06_25_wasmlb_milmlb_1,global_prior_CH-FT_weighted_percent,0.1591214056886674
gid_2016_06_30_cinmlb_wasmlb_1,global_prior_CH-FT_weighted_percent,0.15608548877023573
gid_2016_07_02_cinmlb_wasmlb_1,global_prior_CH-FT_weighted_percent,0.15618613974764128
gid_2016_07_03_cinmlb_wasmlb_1,global_prior_CH-FT_weighted_percent,0.15402993243738242
gid_2016_07_05_milmlb_wasmlb_1,global_prior_CH-FT_weighted_percent,0.15594355403212112
gid_2016_07_07_wasmlb_nynmlb_1,global_prior_CH-FT_weighted_percent,0.15738393438051865
gid_2016_07_09_wasmlb_nynmlb_1,global_prior_CH-FT_weighted_percent,0.15879616320086154
gid_2016_07_17_pitmlb_wasmlb_1,global_prior_CH-FT_weighted_percent,0.15568367335035688
gid_2016_07_19_lanmlb_wasmlb_1,global_prior_CH-FT_weighted_percent,0.1530910161513835
gid_2016_07_21_lanmlb_wasmlb_1,global_prior_CH-FT_weighted_percent,0.1518189071877128
gid_2016_07_24_sdnmlb_wasmlb_1,global_prior_CH-FT_weighted_percent,0.14932697532181952
gid_2016_07_27_wasmlb_clemlb_1,global_prior_CH-FT_weighted_percent,0.14887031814255533
gid_2016_07_31_wasmlb_sfnmlb_1,global_prior_CH-FT_weighted_percent,0.14661815200122996
gid_2016_08_02_wasmlb_arimlb_1,global_prior_CH-FT_weighted_percent,0.14383803038187243
gid_2016_08_10_clemlb_wasmlb_1,global_prior_CH-FT_weighted_percent,0.14269105831761847
gid_2016_08_12_atlmlb_wasmlb_1,global_prior_CH-FT_weighted_percent,0.14283597227145614
gid_2016_08_14_atlmlb_wasmlb_1,global_prior_CH-FT_weighted_percent,0.1412895311128005
gid_2016_08_15_wasmlb_colmlb_1,global_prior_CH-FT_weighted_percent,0.13800145080924237
gid_2016_08_17_wasmlb_colmlb_1,global_prior_CH-FT_weighted_percent,0.13405029017114553
gid_2016_08_19_wasmlb_atlmlb_1,global_prior_CH-FT_weighted_percent,0.133596776863056
gid_2016_08_20_wasmlb_atlmlb_1,global_prior_CH-FT_weighted_percent,0.13478951979263568
gid_2016_08_23_wasmlb_balmlb_1,global_prior_CH-FT_weighted_percent,0.1330673499587493
gid_2016_08_27_colmlb_wasmlb_1,global_prior_CH-FT_weighted_percent,0.1320782348205783
gid_2016_08_28_colmlb_wasmlb_1,global_prior_CH-FT_weighted_percent,0.13134361798154623
gid_2016_09_03_wasmlb_nynmlb_1,global_prior_CH-FT_weighted_percent,0.12929517081434241
gid_2016_09_06_atlmlb_wasmlb_1,global_prior_CH-FT_weighted_percent,0.12926474984316516
gid_2016_09_08_phimlb_wasmlb_1,global_prior_CH-FT_weighted_percent,0.13003084200892628
gid_2016_09_25_wasmlb_pitmlb_1,global_prior_CH-FT_weighted_percent,0.12848772164678726
gid_2016_09_28_arimlb_wasmlb_1,global_prior_CH-FT_weighted_percent,0.1294702673387354
gid_2017_04_03_kcamlb_minmlb_1,global_prior_CH-FT_weighted_percent,0.1299803544103855
gid_2017_04_05_kcamlb_minmlb_1,global_prior_CH-FT_weighted_percent,0.1279258124417519
gid_2017_04_06_kcamlb_minmlb_1,global_prior_CH-FT_weighted_percent,0.12591960110801628
gid_2017_04_09_minmlb_chamlb_1,global_prior_CH-FT_weighted_percent,0.12514253467046885
gid_2017_04_14_chamlb_minmlb_1,global_prior_CH-FT_weighted_percent,0.12460242938559729
gid_2017_04_16_chamlb_minmlb_1,global_prior_CH-FT_weighted_percent,0.12237174034202575
gid_2017_04_20_clemlb_minmlb_1,global_prior_CH-FT_weighted_percent,0.12315404274757076
gid_2017_04_22_detmlb_minmlb_1,global_prior_CH-FT_weighted_percent,0.12159842827618493
gid_2017_04_24_minmlb_texmlb_1,global_prior_CH-FT_weighted_percent,0.1251984028329509
gid_2017_04_26_minmlb_texmlb_1,global_prior_CH-FT_weighted_percent,0.12488708594156189
gid_2017_04_28_minmlb_kcamlb_1,global_prior_CH-FT_weighted_percent,0.12921380671673505
gid_2017_04_30_minmlb_kcamlb_1,global_prior_CH-FT_weighted_percent,0.13340313461991335
gid_2017_05_03_oakmlb_minmlb_1,global_prior_CH-FT_weighted_percent,0.13236759948688148
gid_2017_05_05_bosmlb_minmlb_1,global_prior_CH-FT_weighted_percent,0.13054703112559385
gid_2017_05_07_bosmlb_minmlb_1,global_prior_CH-FT_weighted_percent,0.12946386087853504
gid_2017_05_11_minmlb_chamlb_1,global_prior_CH-FT_weighted_percent,0.13041082164328657
gid_2017_05_12_minmlb_clemlb_1,global_prior_CH-FT_weighted_percent,0.13048035403079852
gid_2017_05_19_kcamlb_minmlb_1,global_prior_CH-FT_weighted_percent,0.12965009734062555
gid_2017_05_26_tbamlb_minmlb_1,global_prior_CH-FT_weighted_percent,0.13020847106527392
gid_2017_05_28_tbamlb_minmlb_1,global_prior_CH-FT_weighted_percent,0.12871476775735774
gid_2017_05_29_houmlb_minmlb_1,global_prior_CH-FT_weighted_percent,0.1277944240764945
gid_2017_06_03_minmlb_anamlb_1,global_prior_CH-FT_weighted_percent,0.1319897549810639
gid_2017_06_04_minmlb_anamlb_1,global_prior_CH-FT_weighted_percent,0.13255785167720277
gid_2017_06_08_minmlb_seamlb_1,global_prior_CH-FT_weighted_percent,0.1317425833028754
gid_2017_06_10_minmlb_sfnmlb_1,global_prior_CH-FT_weighted_percent,0.13160064658554027
gid_2017_06_11_minmlb_sfnmlb_1,global_prior_CH-FT_weighted_percent,0.1293085170234891
gid_2017_06_14_seamlb_minmlb_1,global_prior_CH-FT_weighted_percent,0.1278457627070172
gid_2017_06_17_clemlb_minmlb_1,global_prior_CH-FT_weighted_percent,0.12602173040665207
gid_2017_06_20_chamlb_minmlb_1,global_prior_CH-FT_weighted_percent,0.1248971695162954
gid_2017_06_22_chamlb_minmlb_1,global_prior_CH-FT_weighted_percent,0.12287420437639093
gid_2017_06_24_minmlb_clemlb_1,global_prior_CH-FT_weighted_percent,0.12170183330938283
gid_2017_06_26_minmlb_bosmlb_1,global_prior_CH-FT_weighted_percent,0.1213444781345293
gid_2017_06_27_minmlb_bosmlb_1,global_prior_CH-FT_weighted_percent,0.12503158447896945
gid_2017_07_01_minmlb_kcamlb_2,global_prior_CH-FT_weighted_percent,0.13413668166407122
gid_2017_07_02_minmlb_kcamlb_1,global_prior_CH-FT_weighted_percent,0.14006312384537845
gid_2017_07_07_balmlb_minmlb_1,global_prior_CH-FT_weighted_percent,0.14049043871367994
gid_2017_07_08_balmlb_minmlb_1,global_prior_CH-FT_weighted_percent,0.14091548574608362
gid_2017_07_14_minmlb_houmlb_1,global_prior_CH-FT_weighted_percent,0.14437639688154444
gid_2017_07_18_nyamlb_minmlb_1,global_prior_CH-FT_weighted_percent,0.14595771175131098
gid_2017_07_21_detmlb_minmlb_1,global_prior_CH-FT_weighted_percent,0.147851000786116
gid_2017_07_24_minmlb_lanmlb_1,global_prior_CH-FT_weighted_percent,0.1483131698944995
gid_2017_07_26_minmlb_lanmlb_1,global_prior_CH-FT_weighted_percent,0.14808210175838493
gid_2017_07_28_minmlb_oakmlb_1,global_prior_CH-FT_weighted_percent,0.1496792669714346
gid_2017_07_30_minmlb_oakmlb_1,global_prior_CH-FT_weighted_percent,0.15022854514822584
gid_2017_08_06_texmlb_minmlb_1,global_prior_CH-FT_weighted_percent,0.15026008319499284
gid_2017_08_07_milmlb_minmlb_1,global_prior_CH-FT_weighted_percent,0.1485329700961544
gid_2017_08_09_minmlb_milmlb_1,global_prior_CH-FT_weighted_percent,0.14895175109930534
gid_2017_08_12_minmlb_detmlb_1,global_prior_CH-FT_weighted_percent,0.14832436863281384
gid_2017_08_17_clemlb_minmlb_2,global_prior_CH-FT_weighted_percent,0.14923862411898253
gid_2017_08_22_minmlb_chamlb_1,global_prior_CH-FT_weighted_percent,0.15193800203793542
gid_2017_08_27_minmlb_tormlb_1,global_prior_CH-FT_weighted_percent,0.15175305475730305
gid_2017_08_29_chamlb_minmlb_1,global_prior_CH-FT_weighted_percent,0.1529443545083543
gid_2017_08_31_chamlb_minmlb_1,global_prior_CH-FT_weighted_percent,0.15095064131167057
gid_2017_09_06_minmlb_tbamlb_1,global_prior_CH-FT_weighted_percent,0.1523166467188292
gid_2017_09_07_minmlb_kcamlb_1,global_prior_CH-FT_weighted_percent,0.15806525202375984
gid_2017_09_08_minmlb_kcamlb_1,global_prior_CH-FT_weighted_percent,0.160818270488978
gid_2017_09_13_sdnmlb_minmlb_1,global_prior_CH-FT_weighted_percent,0.15980622409693773
gid_2017_09_14_tormlb_minmlb_1,global_prior_CH-FT_weighted_percent,0.1585783274200555
gid_2017_09_21_minmlb_detmlb_1,global_prior_CH-FT_weighted_percent,0.15971113240356294
gid_2017_09_22_minmlb_detmlb_1,global_prior_CH-FT_weighted_percent,0.1617895275844412
gid_2017_09_26_minmlb_clemlb_1,global_prior_CH-FT_weighted_percent,0.1627853343794578
gid_2017_09_29_detmlb_minmlb_1,global_prior_CH-FT_weighted_percent,0.16208477335128352
gid_2017_10_03_minmlb_nyamlb_1,global_prior_CH-FT_weighted_percent,0.16232375286371128
